,Date,Open,High,Low,Close,Adj Close,Volume
0,2017-06-14,651.771851,673.614807,651.771851,672.376526,655.161926,24431465
1,2017-06-15,673.614807,690.9505,673.169006,685.477356,667.927307,13056205
2,2017-06-16,688.028198,691.346741,678.22113,687.879578,670.268066,15096065
3,2017-06-19,688.572998,701.252808,688.572998,698.008606,680.137817,7031853
4,2017-06-20,697.884766,704.37323,697.117004,699.544006,681.63385,4680750
5,2017-06-21,697.290405,707.295532,695.532043,704.32373,686.29126,9226522
6,2017-06-22,708.013733,715.913879,707.146973,709.598694,691.431152,10207734
7,2017-06-23,711.257996,714.229797,708.583313,711.183716,692.975525,14372622
8,2017-06-27,709.276794,714.725098,705.809631,711.827576,693.602966,15040990
9,2017-06-28,713.214417,713.214417,691.2229,692.684021,674.949524,7184538
10,2017-06-29,693.427002,698.380066,688.523499,689.811279,672.15033,5952538
11,2017-06-30,689.464539,689.662659,681.069153,683.520935,666.021057,3606284
12,2017-07-03,687.582397,690.80188,679.063171,684.040955,666.52771,4243619
13,2017-07-04,688.473938,706.849792,687.978638,704.29895,686.26709,8683942
14,2017-07-05,708.013733,716.929199,705.314331,714.551758,696.257385,12556953
15,2017-07-06,717.54834,718.192261,712.248596,714.502258,696.209167,6271927
16,2017-07-07,714.725098,741.843079,713.239197,738.574036,719.664612,16542604
17,2017-07-10,740.530518,743.403259,737.558655,739.416077,720.485046,1617344
18,2017-07-11,743.45282,745.136841,736.518555,740.159058,721.209045,9689441
19,2017-07-12,742.660339,755.340149,741.719238,748.455383,729.29303,7893715
20,2017-07-13,747.291443,755.340149,746.003601,753.903748,739.988586,10619232
21,2017-07-14,752.863586,760.788513,750.659485,759.674072,745.652405,9474992
22,2017-07-17,761.283813,772.477661,761.283813,768.589539,754.40332,8652868
23,2017-07-18,766.137756,768.614319,748.405884,752.814087,738.919006,9063934
24,2017-07-19,749.198364,761.779114,749.198364,759.277832,745.263428,5441174
25,2017-07-20,762.645874,767.722778,754.696228,757.27179,743.294434,6288420
26,2017-07-21,767.722778,788.376953,765.221436,785.058411,770.568176,44831188
27,2017-07-24,792.487976,804.821106,785.058411,800.041382,785.274658,20042658
28,2017-07-25,804.722046,804.845886,791.299255,793.552917,778.905945,9259100
29,2017-07-26,794.568298,807.297607,793.032837,803.756165,788.920898,10131916
30,2017-07-27,806.356567,808.090088,786.717712,789.912415,775.332642,8495918
31,2017-07-28,788.154114,795.435059,781.591309,789.739075,775.162537,6614152
32,2017-07-31,793.453857,801.799744,790.506775,800.016663,785.250305,7645862
33,2017-08-01,803.756165,803.756165,788.277893,794.271118,779.61084,5681949
34,2017-08-02,797.44104,810.17041,796.5,806.950928,792.056702,9592846
35,2017-08-03,805.786926,824.633301,800.932983,817.302795,802.217468,9094953
36,2017-08-04,823.6922,823.6922,799.967102,803.458984,788.62915,8574605
37,2017-08-07,808.139648,808.139648,798.704102,800.586243,785.809448,4401364
38,2017-08-08,801.403503,802.914185,785.949951,793.751038,779.100403,5058636
39,2017-08-09,793.230957,802.394104,785.058411,791.893616,777.277222,4816513
40,2017-08-10,789.045654,795.781799,781.566528,784.736511,770.252197,4701836
41,2017-08-11,768.193298,782.581909,759.302551,765.865356,751.72937,7843781
42,2017-08-14,773.171082,784.810791,773.171082,779.139526,764.758606,6202842
43,2017-08-16,778.619446,780.600708,767.821838,775.697144,761.379761,6265622
44,2017-08-17,777.133545,791.324036,773.245422,776.192444,761.865906,7304951
45,2017-08-18,774.657043,781.492249,769.282959,780.303528,765.901062,3662412
46,2017-08-21,781.096008,784.637451,772.799622,774.855164,760.553345,3495195
47,2017-08-22,778.619446,782.532349,770.71936,772.700562,758.438416,4399773
48,2017-08-23,775.078064,785.826172,769.282959,783.59729,769.134094,3839702
49,2017-08-24,787.534973,789.070374,774.904663,776.663025,762.32782,5839979
50,2017-08-28,782.111389,783.547729,773.270142,775.920044,761.598511,5684028
51,2017-08-29,773.592102,776.390564,757.81665,758.881531,744.874451,6998558
52,2017-08-30,766.509277,777.034485,763.388855,774.706543,760.40741,4769560
53,2017-08-31,780.105408,791.224976,779.610046,789.763855,775.186768,11585780
54,2017-09-01,792.413696,800.710083,791.992676,797.490601,782.770935,7121827
55,2017-09-04,800.165222,810.393311,790.432495,799.100342,784.350952,9950182
56,2017-09-05,807.347168,809.74939,802.914185,808.634949,793.709656,11637538
57,2017-09-06,805.564087,818.491516,803.780945,814.974854,799.932434,22496263
58,2017-09-07,815.272034,824.682861,807.347168,810.41803,795.459717,7478761
59,2017-09-08,812.300232,815.519714,804.474365,809.229309,794.292969,6114140
60,2017-09-11,813.588013,819.085876,808.882629,810.21991,795.26532,5856706
61,2017-09-12,815.024353,817.253235,809.328369,816.015015,800.95343,2999837
62,2017-09-13,816.262634,851.825562,814.281433,841.027893,825.504578,13557530
63,2017-09-14,847.764038,853.410522,834.093628,835.92627,820.497131,5476914
64,2017-09-15,834.093628,844.841736,826.911682,833.895508,818.503906,13196770
65,2017-09-18,842.018494,843.058655,835.183289,837.610291,822.150085,2336110
66,2017-09-19,840.730713,840.780273,829.140564,830.725525,815.392334,3562177
67,2017-09-20,848.061218,864.307251,837.16449,839.195251,823.705811,11511053
68,2017-09-21,839.046692,843.702515,828.397644,833.449707,818.066345,5976672
69,2017-09-22,832.013367,832.013367,805.564087,809.724609,794.779114,5673719
70,2017-09-25,807.347168,820.175537,797.63916,813.835632,798.81427,6566972
71,2017-09-26,813.984253,819.283997,804.573425,812.399292,797.404419,4875350
72,2017-09-27,817.847595,817.946655,788.030273,791.645996,777.034241,8514143
73,2017-09-28,792.141296,795.360779,772.873901,779.065247,764.685669,13636223
74,2017-09-29,784.315491,785.949951,771.784241,773.567383,759.289307,7691452
75,2017-10-03,787.534973,796.30188,777.975586,790.853516,776.256348,8466559
76,2017-10-04,791.695496,817.203735,788.129333,811.161011,796.189026,8725859
77,2017-10-05,817.253235,820.670837,810.962891,816.411255,801.342346,4906551
78,2017-10-06,816.262634,831.468506,814.875793,829.190125,813.885376,5998431
79,2017-10-09,831.121826,831.914307,820.225098,822.85022,807.662476,4084462
80,2017-10-10,823.196899,839.343872,823.196899,835.282349,819.865112,6798826
81,2017-10-11,837.36261,850.3396,828.149963,832.260986,816.899536,7116625
82,2017-10-12,834.192688,868.566833,834.192688,864.554871,848.597351,8603714
83,2017-10-13,871.043396,882.336304,865.149231,868.220154,852.194946,9926723
84,2017-10-16,870.746216,883.624146,853.212402,868.566833,852.535217,14772250
85,2017-10-17,869.755615,875.699219,859.057007,866.139832,850.153076,6414314
86,2017-10-18,869.161194,909.280945,866.783752,905.912842,889.191956,16924095
87,2017-10-19,907.200623,913.243347,894.520813,901.356018,884.719177,3698813
88,2017-10-23,904.327881,935.829285,900.563538,930.925781,913.743225,12670626
89,2017-10-24,938.801086,938.801086,919.484192,925.477417,908.395447,6395360
90,2017-10-25,931.272461,937.018005,920.771973,931.074341,913.889038,4620435
91,2017-10-26,931.173401,948.806274,922.257935,938.503906,921.181396,7771680
92,2017-10-27,941.079529,947.716614,917.00769,921.118713,904.117188,5306577
93,2017-10-30,925.229736,936.671265,921.861694,933.649902,916.417053,3610434
94,2017-10-31,936.076904,936.869385,923.446655,932.015442,914.812744,4386549
95,2017-11-01,938.850647,948.806274,936.869385,943.605591,926.188965,8109185
96,2017-11-02,943.85321,947.518494,935.383484,937.711426,920.403625,4743147
97,2017-11-03,946.973633,946.973633,931.322021,936.423645,919.139648,2214524
98,2017-11-06,933.649902,933.649902,920.276672,923.743835,906.693787,4503082
99,2017-11-07,924.585876,926.220337,894.570374,898.186096,881.607849,9436552
100,2017-11-08,894.025513,897.492676,875.798279,879.463562,863.230896,8192911
101,2017-11-09,886.348328,901.356018,883.673645,892.044312,875.579468,6925831
102,2017-11-10,892.490112,892.490112,870.944336,875.550659,859.390198,6425509
103,2017-11-13,876.68988,883.525085,865.297852,867.031433,851.028259,4194396
104,2017-11-14,866.783752,886.595947,864.802551,878.373901,862.161316,5760193
105,2017-11-15,876.19458,882.237244,869.706055,875.402039,859.244263,7048053
106,2017-11-16,877.185181,897.492676,877.185181,895.362854,878.83667,6996737
107,2017-11-17,910.321045,916.21521,899.969177,903.33728,886.664001,5639193
108,2017-11-20,897.690796,915.670349,896.502075,912.203247,895.366272,4260195
109,2017-11-21,918.097351,930.826721,916.80957,923.793335,906.742432,6037454
110,2017-11-22,928.647339,929.83606,914.778809,922.010254,904.992249,5103410
111,2017-11-23,922.257935,940.980469,917.948792,938.107666,920.792542,7398598
112,2017-11-24,941.079529,950.490295,938.503906,942.169189,924.779114,6455055
113,2017-11-27,938.355347,948.509094,935.135864,942.416809,925.022095,4724436
114,2017-11-28,940.930908,942.416809,929.29126,934.491943,917.24353,4685893
115,2017-11-29,933.006042,941.079529,932.164001,937.117065,919.820251,3709698
116,2017-11-30,932.609802,932.609802,910.865906,912.896667,896.046875,9524326
117,2017-12-01,915.769409,922.505554,899.176697,901.554138,884.913696,5129555
118,2017-12-04,904.922241,905.219421,888.923889,893.133972,876.648987,4662629
119,2017-12-05,892.589172,912.104187,887.041748,905.120361,888.414063,8448505
120,2017-12-06,901.455078,921.564514,900.266357,917.948792,901.005737,11112030
121,2017-12-07,921.316833,927.210938,914.333008,922.802734,905.770081,5581979
122,2017-12-08,925.081177,928.152039,910.420105,912.351807,895.512085,5641459
123,2017-12-11,913.788208,917.304871,904.971802,907.547363,890.796326,4980620
124,2017-12-12,907.349243,920.276672,899.473877,907.002502,890.261475,7283405
125,2017-12-13,908.290344,916.264709,902.14856,906.061462,889.33783,4221739
126,2017-12-14,910.370605,916.21521,900.216858,912.847107,895.99823,5068725
127,2017-12-15,922.257935,924.189636,909.082825,911.113525,894.296631,11264479
128,2017-12-18,903.38678,923.892395,854.549744,912.351807,895.512085,8575323
129,2017-12-19,914.927429,918.295471,911.361206,917.25531,900.325073,4103513
130,2017-12-20,917.205811,918.691711,908.389404,909.528564,892.740967,4819670
131,2017-12-21,909.825745,915.274109,901.455078,904.37738,887.684875,4186472
132,2017-12-22,906.061462,913.738647,900.761658,911.757446,894.928711,4918863
133,2017-12-26,916.165649,930.08374,909.528564,921.069214,904.068542,5351708
134,2017-12-27,924.239136,928.696899,910.370605,915.075989,898.185974,4393640
135,2017-12-28,916.56189,925.625977,910.469666,915.52179,898.623535,7158735
136,2017-12-29,917.800171,923.545715,909.875305,912.401367,895.56073,5117894
137,2018-01-01,914.035828,914.035828,898.978577,901.207458,884.573425,4362651
138,2018-01-02,904.426941,910.915405,897.888916,902.594299,885.934692,4383980
139,2018-01-03,916.31427,917.304871,904.47644,906.210022,889.483643,6233847
140,2018-01-04,909.528564,913.144287,907.101563,911.658386,894.831482,4157621
141,2018-01-05,913.144287,918.196411,911.608887,914.580688,897.699829,3434151
142,2018-01-08,917.403931,922.257935,914.828369,919.830933,902.853149,4073668
143,2018-01-09,919.434692,935.036804,915.323669,932.114502,914.909973,6596942
144,2018-01-10,934.145264,938.503906,926.715637,933.501343,916.27124,5412323
145,2018-01-11,932.956482,933.798523,926.220337,928.944519,911.798523,3622391
146,2018-01-12,934.145264,943.85321,929.439819,940.088867,922.737122,6955338
147,2018-01-15,941.079529,949.499695,936.324585,940.237488,922.883057,5132305
148,2018-01-16,938.801086,938.801086,911.361206,914.283508,897.408142,4995805
149,2018-01-17,917.304871,920.276672,898.483276,915.81897,898.915222,6093651
150,2018-01-18,920.276672,920.871033,906.507202,911.064026,894.248047,4329708
151,2018-01-19,914.333008,925.625977,913.441467,922.555115,905.5271,4602784
152,2018-01-22,939.098267,965.151306,931.173401,962.377625,944.614563,21090881
153,2018-01-23,965.844727,981.644958,965.844727,974.017273,956.039368,10396119
154,2018-01-24,972.531372,972.531372,953.610718,957.276001,939.607117,6594595
155,2018-01-25,958.811401,962.872925,947.171753,956.8302,939.169556,6308657
156,2018-01-29,957.12738,968.123169,950.292175,955.443359,937.808228,4567493
157,2018-01-30,956.73114,956.73114,940.088867,941.475769,924.098511,4237933
158,2018-01-31,941.079529,955.443359,932.708862,952.273376,934.696838,5792601
159,2018-02-01,954.205078,963.467285,927.805359,934.987244,917.729736,7626196
160,2018-02-02,926.220337,935.086304,892.539612,895.858154,879.322815,13367616
161,2018-02-05,885.605347,903.931641,873.519897,893.678833,877.183777,8856689
162,2018-02-06,868.764954,889.56781,862.821289,883.723206,867.411804,11104841
163,2018-02-07,894.075073,896.898315,881.642883,886.001587,869.648193,7168146
164,2018-02-08,889.46875,902.098999,883.970825,896.056274,879.517334,6380648
165,2018-02-09,880.652283,893.530212,877.680481,889.419189,873.002686,5344463
166,2018-02-12,894.520813,909.578125,893.579773,906.903442,890.164246,5481260
167,2018-02-14,914.333008,933.649902,912.351807,924.883057,907.812012,10267369
168,2018-02-15,928.845459,936.869385,919.434692,926.864258,909.756653,6167365
169,2018-02-16,930.777161,933.749023,909.479065,912.648987,895.803711,4443395
170,2018-02-19,912.351807,923.248535,904.971802,918.295471,901.346008,4126685
171,2018-02-20,920.276672,920.821533,910.172485,912.450867,895.609253,3903573
172,2018-02-21,921.267334,923.743835,913.491028,920.623413,903.631042,5499873
173,2018-02-22,913.342407,922.257935,911.361206,915.670349,898.769348,5167371
174,2018-02-23,916.71051,929.1922,914.085388,925.477417,908.395447,4896820
175,2018-02-26,930.1828,936.027405,927.805359,929.88562,912.72229,3893033
176,2018-02-27,930.1828,946.825073,929.538879,941.574829,924.19574,6470858
177,2018-02-28,937.067566,948.112854,934.343384,945.586792,928.133606,26144187
178,2018-03-01,940.831848,950.886536,937.067566,939.494507,922.153809,4133465
179,2018-03-05,934.145264,941.228088,912.946167,915.422729,898.526306,5688306
180,2018-03-06,920.276672,927.409119,896.601135,902.297119,885.642944,7393101
181,2018-03-07,900.712158,900.712158,879.711243,881.395264,865.126892,7316409
182,2018-03-08,889.221069,905.912842,884.911926,902.891479,886.226379,6130548
183,2018-03-09,906.309082,910.717285,902.495239,904.526001,887.83075,4909678
184,2018-03-12,911.361206,924.338196,908.934204,921.564514,904.554688,3837440
185,2018-03-13,923.149475,927.210938,912.698547,923.099915,906.061768,5145137
186,2018-03-14,920.078552,923.298035,910.568726,920.326233,903.339355,6795338
187,2018-03-15,916.31427,920.722473,901.455078,903.23822,886.566772,5866510
188,2018-03-16,900.464478,901.157898,877.72998,891.598511,875.141846,14221100
189,2018-03-19,892.539612,898.384216,883.624146,887.091248,870.717712,5829127
190,2018-03-20,884.911926,895.511475,878.720581,881.444763,865.175476,7011559
191,2018-03-21,886.447388,893.876953,884.911926,888.478088,872.079041,6791028
192,2018-03-22,887.586548,903.38678,887.338928,899.622498,883.0177,10212863
193,2018-03-23,882.237244,891.549011,880.751343,885.506287,869.161987,10831400
194,2018-03-26,885.555786,895.808655,884.119446,892.638672,876.162842,6104583
195,2018-03-27,898.681396,902.198059,888.577148,891.350891,874.898804,7005357
196,2018-03-28,887.388428,887.437988,871.736816,874.411438,858.272034,8842618
197,2018-04-02,884.614746,892.490112,878.175781,884.565186,868.238281,5766209
198,2018-04-03,882.633545,893.233032,876.9375,891.10321,874.65564,6425059
199,2018-04-04,896.204895,903.23822,883.673645,886.496887,870.134399,6560005
200,2018-04-05,896.601135,901.455078,895.016113,899.671997,883.066223,3935631
201,2018-04-06,899.473877,909.875305,896.502075,902.44574,885.788818,4460344
202,2018-04-09,903.98114,910.370605,903.98114,907.398743,890.650391,3606112
203,2018-04-10,909.776245,915.224609,905.566162,908.438904,891.671387,3902042
204,2018-04-11,913.144287,923.991455,907.448303,922.109314,905.089478,6064484
205,2018-04-12,921.118713,927.854858,915.52179,919.979492,902.998962,4994624
206,2018-04-13,923.941956,932.857422,919.979492,930.03418,912.868103,5822658
207,2018-04-16,925.675537,931.173401,919.781372,928.251099,911.11792,4123166
208,2018-04-17,931.173401,938.305786,927.210938,935.383484,918.118652,4430313
209,2018-04-18,936.374084,939.296387,926.269897,929.1922,912.041687,3397094
210,2018-04-19,930.28186,936.126465,926.220337,933.451782,916.222534,4523892
211,2018-04-20,929.1922,933.006042,912.549927,919.187012,902.22113,3381269
212,2018-04-23,921.267334,935.482544,919.781372,927.210938,910.096863,3541772
213,2018-04-24,927.012817,966.538208,926.220337,960.941223,943.204651,9193591
214,2018-04-25,964.507446,972.580933,954.502258,961.387024,943.642273,6497632
215,2018-04-26,963.863525,978.722717,953.214478,966.191467,948.358032,15735759
216,2018-04-27,980.505798,1001.506714,976.246155,986.944763,968.72821,11776851
217,2018-04-30,972.779053,983.27948,950.985596,954.254639,936.641418,8955897
218,2018-05-02,957.919861,970.00531,955.988159,963.566345,945.781311,6175751
219,2018-05-03,968.717529,968.717529,950.242676,952.570557,934.988464,3984964
220,2018-05-04,953.808838,955.641479,941.079529,944.992432,927.550232,3831671
221,2018-05-07,949.846375,964.111206,947.369873,961.882324,944.128418,3545827
222,2018-05-08,968.321289,972.779053,956.13678,958.018921,940.336365,4980805
223,2018-05-09,956.8302,975.057434,953.214478,967.528809,949.670654,4537025
224,2018-05-10,970.797791,975.354614,965.101807,971.937012,953.997498,4052699
225,2018-05-11,972.036072,981.991699,968.568909,979.960938,961.873291,4049541
226,2018-05-14,982.63562,982.63562,967.528809,977.335815,959.296631,2604012
227,2018-05-15,973.819153,990.609985,967.479248,969.75769,951.858337,4846430
228,2018-05-16,964.854126,964.854126,943.506531,947.171753,929.689331,8695009
229,2018-05-17,950.341736,950.985596,932.659302,936.473145,919.188232,4778345
230,2018-05-18,936.720825,944.546631,923.248535,925.081177,908.006592,5279612
231,2018-05-21,922.010254,926.913757,913.441467,922.604614,905.575623,6687690
232,2018-05-22,924.387756,925.229736,916.31427,918.047852,901.102966,5219596
233,2018-05-23,917.304871,917.304871,900.613098,903.68396,887.004272,4610857
234,2018-05-24,905.417542,912.351807,901.603699,907.250183,890.504639,5368392
235,2018-05-25,907.398743,914.729309,905.863342,912.153687,895.317627,8206579
236,2018-05-28,916.21521,918.295471,909.479065,911.757446,894.928711,5247105
237,2018-05-29,912.847107,919.286072,905.813782,908.835144,892.060303,8250871
238,2018-05-30,906.259583,914.531189,898.087036,907.497803,890.74762,6048012
239,2018-05-31,912.351807,913.639587,905.962402,912.698547,895.852478,17112487
240,2018-06-01,911.361206,926.963318,909.825745,921.812134,904.797791,8848926
241,2018-06-04,924.635376,935.135864,921.812134,932.015442,914.812744,5653442
242,2018-06-05,933.947144,946.032532,932.164001,938.751587,921.424561,8047086
243,2018-06-06,938.107666,947.023193,933.798523,945.438171,927.987793,4229195
244,2018-06-07,945.933472,966.835388,945.487732,962.229004,944.468689,6922300
245,2018-06-08,957.276001,977.286316,951.579956,975.106934,957.108887,6594521
246,2018-06-11,977.831116,990.560486,969.85675,973.422913,955.455994,6931136
247,2018-06-12,974.165894,990.609985,971.094971,987.786743,969.554688,7515794
248,2018-06-13,990.609985,996.45459,980.208618,993.086548,974.756592,5982192
249,2018-06-14,988.083923,1002.299194,978.128296,998.485352,980.055786,5536858
250,2018-06-15,996.55365,1013.889343,989.867065,1004.676697,986.132935,11401764
251,2018-06-18,999.327393,1010.867981,997.54425,1006.013977,987.445496,5705952
252,2018-06-19,1004.379456,1005.271057,984.319641,986.697083,968.485107,6406255
253,2018-06-20,986.647583,1013.294983,985.508362,1009.67926,991.043152,7262014
254,2018-06-21,1013.839783,1026.271973,1011.710022,1022.26001,1003.391602,10609377
255,2018-06-22,1018.743347,1019.535828,998.980652,1002.992615,984.479919,16323253
256,2018-06-25,1001.902954,1006.955078,992.888428,995.01825,976.652771,5246962
257,2018-06-26,996.55365,996.55365,966.092407,969.75769,951.858337,8145067
258,2018-06-27,969.31189,976.147095,953.660278,956.780701,944.912292,9043473
259,2018-06-28,952.966797,959.405762,931.470581,936.076904,924.465332,8662575
260,2018-06-29,940.187988,966.340088,940.088867,963.318726,951.369263,8041914
261,2018-07-02,963.219666,963.219666,948.013794,951.579956,939.776123,6724054
262,2018-07-03,955.93866,969.26239,951.332336,962.179504,950.244141,5115293
263,2018-07-04,962.674805,982.68512,961.882324,980.802979,968.636597,5048125
264,2018-07-05,987.638184,998.931152,949.598755,955.443359,943.591553,18896793
265,2018-07-06,955.690979,973.769653,955.443359,968.370789,956.358704,9248105
266,2018-07-09,977.831116,990.609985,974.264954,987.737244,975.484863,5219197
267,2018-07-10,993.334167,1018.842407,990.609985,1016.068665,1003.464905,10543516
268,2018-07-11,1015.375244,1031.125977,1008.292419,1029.045654,1016.280884,8747208
269,2018-07-12,1034.543579,1088.68042,1032.809937,1072.186768,1058.886841,24337829
270,2018-07-13,1070.354126,1098.586548,1069.858765,1089.4729,1075.958618,18137593
271,2018-07-16,1089.4729,1098.487427,1062.974121,1066.094482,1052.869995,6658302
272,2018-07-17,1068.174805,1085.659058,1059.556519,1082.092896,1068.670166,6530578
273,2018-07-18,1088.08606,1094.227783,1067.184204,1082.291016,1068.865723,4726480
274,2018-07-19,1083.033936,1104.530151,1076.14917,1094.475464,1080.899048,5485122
275,2018-07-20,1102.94519,1127.809448,1101.459229,1118.052002,1104.183105,8094154
276,2018-07-23,1119.191162,1119.191162,1102.647949,1109.780396,1096.014038,5897877
277,2018-07-24,1111.464478,1116.1698,1097.001465,1100.518188,1086.866699,4511507
278,2018-07-25,1099.577148,1112.455078,1093.831543,1104.678711,1090.975708,6006077
279,2018-07-26,1099.676147,1110.969116,1097.397705,1100.220947,1086.573242,6485768
280,2018-07-27,1108.987915,1126.719849,1101.706909,1119.240723,1105.357178,6742782
281,2018-07-30,1119.389282,1146.432983,1117.408081,1140.588379,1126.439941,14003964
282,2018-07-31,1140.192139,1179.222168,1136.378296,1174.863525,1160.289917,14006901
283,2018-08-01,1179.222168,1191.604736,1174.269043,1181.153809,1166.502197,9796282
284,2018-08-02,1180.311768,1180.311768,1155.001709,1157.37915,1143.022461,6308209
285,2018-08-03,1163.966797,1172.386963,1158.567993,1165.898438,1151.436035,6708388
286,2018-08-06,1165.650757,1184.769531,1164.313477,1181.401489,1166.746704,4054489
287,2018-08-07,1183.679932,1190.118896,1165.947998,1173.080322,1158.528931,4097939
288,2018-08-08,1173.872803,1211.020752,1173.872803,1206.265747,1191.302612,7987438
289,2018-08-09,1210.030151,1220.134399,1200.619385,1206.513428,1191.547119,6911830
290,2018-08-10,1199.628662,1203.591187,1191.010376,1192.892578,1178.095337,3615156
291,2018-08-13,1186.305054,1188.682495,1171.594482,1176.547485,1161.953003,4712408
292,2018-08-14,1178.825928,1205.770508,1173.179443,1199.232422,1184.356567,5349770
293,2018-08-16,1191.951538,1204.581787,1184.274292,1189.524536,1174.769165,6039198
294,2018-08-17,1197.647461,1203.987427,1188.781494,1192.446777,1177.655151,3867305
295,2018-08-20,1196.557861,1225.186401,1196.310181,1223.304321,1208.129883,7679143
296,2018-08-21,1225.632202,1239.748413,1215.478516,1235.48877,1220.163086,7348644
297,2018-08-23,1234.59729,1262.037109,1226.771484,1257.529907,1241.930908,8043652
298,2018-08-24,1253.369263,1267.931274,1248.21814,1265.504272,1249.806274,6715059
299,2018-08-27,1267.386475,1283.682007,1266.742554,1279.372803,1263.502808,5624995
300,2018-08-28,1283.830566,1310.577026,1282.839966,1306.614624,1290.406738,8777168
301,2018-08-29,1303.939941,1316.520752,1278.085083,1282.047485,1266.144409,11182203
302,2018-08-30,1281.453125,1284.969727,1258.520508,1262.48291,1246.822388,9943410
303,2018-08-31,1258.074707,1258.074707,1224.988281,1229.990967,1214.733521,15450941
304,2018-09-03,1233.309448,1246.088379,1214.537354,1217.608276,1202.504395,12315666
305,2018-09-04,1223.552002,1243.017456,1217.459717,1230.288086,1215.026978,8922552
306,2018-09-05,1230.832886,1240.887573,1197.152222,1215.478516,1200.401123,10422792
307,2018-09-06,1218.598877,1253.815063,1213.843994,1249.55542,1234.055298,11301160
308,2018-09-07,1253.022583,1269.318115,1242.720215,1266.593994,1250.882568,10794143
309,2018-09-10,1263.02771,1265.009033,1238.361572,1244.057617,1228.62561,7125920
310,2018-09-11,1247.177979,1256.489746,1222.6604,1226.078003,1210.869141,10977849
311,2018-09-12,1240.045654,1246.880859,1217.311157,1240.739014,1225.348267,8142006
312,2018-09-14,1247.574219,1263.62207,1235.93457,1241.382935,1225.984131,7953264
313,2018-09-17,1239.005493,1239.005493,1210.12915,1214.388794,1199.324829,6818107
314,2018-09-18,1214.487915,1227.762085,1202.947266,1205.720947,1190.764648,7688607
315,2018-09-19,1212.506592,1212.506592,1189.722656,1199.381104,1184.503418,11372574
316,2018-09-21,1207.553589,1225.780884,1172.386963,1206.067627,1191.106934,19250938
317,2018-09-24,1203.046265,1228.257324,1193.189697,1220.481079,1205.341553,10198351
318,2018-09-25,1223.898682,1233.309448,1183.778931,1219.044678,1203.923096,9807108
319,2018-09-26,1227.365845,1242.175415,1215.627075,1239.649414,1224.272217,6457463
320,2018-09-27,1243.215576,1251.140381,1225.879883,1241.977295,1226.571167,10911205
321,2018-09-28,1248.06958,1259.758789,1235.587891,1246.137817,1230.680176,11177984
322,2018-10-01,1245.890259,1245.890259,1192.694458,1220.134399,1204.999268,7402199
323,2018-10-03,1217.954956,1227.960205,1188.781494,1193.78418,1178.975952,7446497
324,2018-10-04,1178.330566,1179.222168,1095.614624,1111.712036,1097.921753,23432473
325,2018-10-05,1089.175659,1104.827393,1028.401733,1039.001343,1026.113037,22151189
326,2018-10-08,1040.140503,1106.511353,1015.920105,1098.982788,1085.350464,24913364
327,2018-10-09,1111.117676,1112.752197,1071.047485,1079.814453,1066.4198,11095381
328,2018-10-10,1083.628296,1105.372192,1074.118408,1091.751343,1078.20874,9592247
329,2018-10-11,1054.009033,1104.282471,1033.206299,1077.585571,1064.218628,13349523
330,2018-10-12,1094.574585,1118.398682,1091.553223,1115.97168,1102.12854,9144401
331,2018-10-15,1119.290283,1136.130615,1107.650635,1129.047729,1115.04248,8955871
332,2018-10-16,1135.239014,1156.43811,1129.29541,1152.871948,1138.571167,7549490
333,2018-10-17,1167.929199,1168.275879,1129.29541,1140.489258,1126.342041,12906841
334,2018-10-19,1089.671021,1100.567749,1060.200317,1090.95874,1077.426025,25662196
335,2018-10-22,1099.577148,1104.332031,1047.421509,1052.671753,1039.613892,13290338
336,2018-10-23,1042.864624,1054.702515,1033.850098,1044.796387,1031.836182,10673958
337,2018-10-24,1064.806641,1065.846802,1021.715149,1035.93042,1023.080139,13784775
338,2018-10-25,1026.271973,1030.878296,1006.856018,1021.120789,1008.454346,14229855
339,2018-10-26,1023.20105,1047.074829,1012.403442,1035.088379,1022.248535,9269654
340,2018-10-29,1036.178101,1083.578735,1036.178101,1077.585571,1064.218628,7744528
341,2018-10-30,1075.307129,1075.307129,1042.220825,1047.074829,1034.086304,8890179
342,2018-10-31,1049.05603,1055.841675,1037.168701,1051.284912,1038.244263,16613693
343,2018-11-01,1057.872437,1057.872437,1040.140503,1046.331787,1033.352539,9485091
344,2018-11-02,1056.980835,1070.849365,1053.166992,1064.806641,1051.598145,16955411
345,2018-11-05,1063.370361,1082.439575,1054.999634,1080.062134,1066.664551,7654392
346,2018-11-06,1083.727295,1101.55835,1081.349854,1093.732544,1080.165283,8716110
347,2018-11-07,1104.530151,1104.530151,1096.308105,1100.270508,1086.622314,1296168
348,2018-11-09,1095.862305,1103.341431,1074.81189,1083.182495,1069.746094,10943218
349,2018-11-12,1087.392578,1088.4823,1064.459961,1069.858765,1056.587769,5856714
350,2018-11-13,1063.915161,1092.642822,1060.002197,1089.126221,1075.616089,6876165
351,2018-11-14,1094.673584,1102.202271,1075.307129,1087.640259,1074.148682,7861347
352,2018-11-15,1086.649658,1092.642822,1076.297729,1086.550537,1073.072388,6896498
353,2018-11-16,1087.640259,1119.339722,1086.798218,1116.813721,1102.960083,11136460
354,2018-11-19,1122.262085,1140.885498,1120.379883,1139.201538,1125.070313,7378262
355,2018-11-20,1134.248413,1145.046143,1119.389282,1126.719849,1112.743408,5774119
356,2018-11-21,1126.818848,1134.743774,1096.654785,1102.449829,1088.774536,7578978
357,2018-11-22,1104.034912,1114.782959,1089.77002,1092.494263,1078.942383,5847475
358,2018-11-26,1098.586548,1107.006714,1087.095459,1099.329468,1085.692871,6447094
359,2018-11-27,1097.496826,1119.389282,1095.069824,1117.606201,1103.742798,6874782
360,2018-11-28,1121.816284,1146.878784,1115.723999,1141.82666,1127.662964,8079833
361,2018-11-29,1150.098267,1168.820801,1149.107666,1157.527832,1143.169312,12755947
362,2018-11-30,1161.292114,1174.863525,1151.385986,1156.58667,1142.239746,10819038
363,2018-12-03,1163.867676,1163.867676,1137.715576,1145.590942,1131.380493,5622372
364,2018-12-04,1147.126343,1147.126343,1131.474731,1141.479858,1127.320313,5242047
365,2018-12-05,1133.010254,1147.918823,1128.601929,1144.303101,1130.108521,5874782
366,2018-12-06,1138.210938,1138.210938,1107.749634,1113.098877,1099.291504,5921712
367,2018-12-07,1118.844482,1126.274048,1097.942627,1123.153687,1109.221558,7282460
368,2018-12-10,1099.577148,1103.836792,1072.929688,1080.012573,1066.615479,9470471
369,2018-12-11,1055.990234,1091.751343,1045.093506,1087.244019,1073.757324,13622580
370,2018-12-12,1088.68042,1103.044189,1077.536011,1100.072388,1086.426514,12724917
371,2018-12-13,1117.408081,1117.408081,1084.767456,1096.654785,1083.051392,9385649
372,2018-12-14,1092.741943,1104.431152,1081.547974,1101.75647,1088.089722,7289774
373,2018-12-17,1105.471191,1122.361084,1101.062988,1119.290283,1105.406006,5112362
374,2018-12-18,1112.752197,1128.30481,1109.978516,1125.729248,1111.765259,5926578
375,2018-12-19,1130.781372,1136.526855,1122.559204,1126.125488,1112.156494,7438647
376,2018-12-20,1110.473877,1121.865845,1105.669312,1117.853882,1103.987427,5819374
377,2018-12-21,1114.436279,1120.627563,1085.708618,1089.869141,1076.349854,8360445
378,2018-12-24,1090.5625,1092.840942,1076.34729,1078.922852,1065.539307,4183821
379,2018-12-26,1075.60437,1089.671021,1055.643555,1088.036499,1074.539917,7278403
380,2018-12-27,1096.803345,1116.41748,1093.633423,1109.681274,1095.91626,12596278
381,2018-12-28,1114.931519,1124.589966,1110.671997,1114.981079,1101.150269,7738682
382,2018-12-31,1120.330444,1123.203125,1105.718872,1110.721436,1096.943481,7291282
383,2019-01-01,1114.68396,1116.714722,1099.676147,1110.473877,1096.698975,4498087
384,2019-01-02,1104.034912,1116.41748,1090.661621,1096.010864,1082.415405,7212697
385,2019-01-03,1097.100586,1104.133911,1079.864014,1082.489136,1069.061401,7517041
386,2019-01-04,1087.095459,1094.079224,1070.948486,1088.33374,1074.833496,8545382
387,2019-01-07,1096.605225,1107.947754,1090.661621,1094.376465,1080.80127,5565822
388,2019-01-08,1094.723145,1099.527588,1085.708618,1094.277344,1080.703369,5678473
389,2019-01-09,1101.55835,1106.511353,1088.383179,1100.320068,1086.671021,5821468
390,2019-01-10,1097.348267,1100.567749,1092.642822,1097.100586,1083.491577,4118960
391,2019-01-11,1097.199585,1103.341431,1078.378052,1087.739258,1074.24646,6525174
392,2019-01-14,1084.718018,1090.16626,1076.19873,1086.501099,1073.02356,4150757
393,2019-01-15,1094.624023,1121.370483,1094.624023,1119.042603,1105.161499,10158260
394,2019-01-16,1124.342407,1134.248413,1119.735962,1125.233887,1111.276001,6443279
395,2019-01-17,1133.703613,1137.121216,1119.389282,1123.797485,1109.8573,7558941
396,2019-01-18,1138.012817,1178.726807,1124.589966,1173.229004,1158.675781,25927601
397,2019-01-21,1182.78833,1228.306885,1177.488525,1226.078003,1210.869141,22247437
398,2019-01-22,1221.27356,1235.241089,1208.147949,1223.552002,1208.374512,16709723
399,2019-01-23,1221.71936,1232.516968,1210.525391,1214.785034,1199.716187,8913196
400,2019-01-24,1213.497314,1241.432495,1208.643311,1235.73645,1220.407837,13279882
401,2019-01-25,1238.708252,1252.824463,1223.799561,1234.300049,1218.989136,8631889
402,2019-01-28,1238.757813,1244.156616,1210.921631,1218.004517,1202.895752,8650493
403,2019-01-29,1219.440918,1220.084839,1190.069336,1199.281982,1184.405518,9417294
404,2019-01-30,1203.591187,1213.497314,1179.915527,1184.472412,1169.779663,7921321
405,2019-01-31,1190.713257,1218.153076,1189.722656,1215.627075,1200.547852,10281893
406,2019-02-01,1222.41272,1243.215576,1215.527954,1238.213013,1222.853638,9316446
407,2019-02-04,1235.290649,1284.771606,1230.387207,1278.778442,1262.915771,11781195
408,2019-02-05,1279.868164,1292.151733,1266.593994,1279.422363,1263.55188,9451152
409,2019-02-06,1284.078247,1305.277222,1282.097046,1297.946777,1281.846436,9500797
410,2019-02-07,1297.946777,1308.793945,1274.02356,1278.283203,1262.426636,9299549
411,2019-02-08,1272.735718,1288.28833,1260.303589,1265.702393,1250.001953,6567167
412,2019-02-11,1263.919312,1264.018311,1239.253174,1241.481934,1226.082031,7595318
413,2019-02-12,1239.748413,1260.402588,1239.748413,1244.602417,1229.163696,6460145
414,2019-02-14,1229.347046,1229.347046,1206.562988,1212.704712,1197.661621,6690180
415,2019-02-15,1218.202637,1238.163452,1202.600586,1232.764648,1217.472778,9688940
416,2019-02-18,1238.262451,1240.739014,1203.591187,1208.643311,1193.650757,9740480
417,2019-02-19,1206.562988,1228.059204,1199.826782,1204.680786,1189.737305,6303377
418,2019-02-20,1212.358032,1228.356445,1207.553589,1222.759521,1207.591797,6357879
419,2019-02-21,1224.393921,1245.989258,1217.806396,1235.19165,1219.869629,10680467
420,2019-02-22,1232.913208,1233.606689,1214.487915,1220.778198,1205.635132,8838861
421,2019-02-25,1224.393921,1231.328247,1209.18811,1220.72876,1205.586304,7926962
422,2019-02-26,1198.142822,1223.2052,1194.675659,1208.79187,1193.797363,10227082
423,2019-02-27,1216.518677,1233.210449,1197.647461,1212.011353,1196.976929,11218523
424,2019-02-28,1222.165039,1228.207764,1215.032715,1219.490479,1204.363281,11393904
425,2019-03-01,1225.384521,1230.684326,1210.773071,1214.537354,1199.47168,7997610
426,2019-03-05,1211.912231,1228.158325,1207.157349,1226.028442,1210.82019,7189013
427,2019-03-06,1228.158325,1261.14563,1223.502441,1252.923584,1237.381714,12152341
428,2019-03-07,1252.131104,1267.782715,1246.335938,1258.322388,1242.713623,8186126
429,2019-03-08,1254.161743,1262.48291,1250.14978,1255.201904,1239.631714,6097305
430,2019-03-11,1258.124268,1299.680298,1256.093506,1291.854492,1275.829712,9810964
431,2019-03-12,1304.534302,1321.473755,1301.90918,1318.848633,1302.489014,11335173
432,2019-03-13,1324.445557,1347.229614,1315.62915,1334.648804,1318.09314,11342554
433,2019-03-14,1337.075806,1349.210815,1323.554077,1328.952881,1312.467896,10500649
434,2019-03-15,1332.370483,1346.040894,1298.887817,1309.239746,1292.99939,16043743
435,2019-03-18,1318.501953,1345.198853,1316.520752,1337.373047,1320.783569,10201021
436,2019-03-19,1347.229614,1367.04187,1330.488281,1363.624146,1346.709106,9898262
437,2019-03-20,1364.862427,1374.966675,1351.192017,1362.534546,1345.632935,9986597
438,2019-03-22,1359.612183,1367.93335,1324.148438,1329.151001,1312.663452,11573789
439,2019-03-25,1318.105713,1324.296997,1304.336182,1312.013428,1295.738647,8027368
440,2019-03-26,1317.808472,1358.720703,1317.511353,1354.411499,1337.61084,9569142
441,2019-03-27,1365.011108,1365.011108,1331.627441,1336.580566,1320.000854,10189856
442,2019-03-28,1337.571167,1356.937622,1330.191162,1347.229614,1330.517944,10582305
443,2019-04-01,1357.135742,1393.59021,1349.755615,1378.780518,1361.677368,10194002
444,2019-04-02,1384.872803,1389.924927,1367.140869,1376.650757,1359.574097,8088587
445,2019-04-03,1379.672119,1389.825806,1359.116943,1362.286865,1345.388306,7923866
446,2019-04-04,1366.051147,1370.707031,1334.599365,1340.344849,1323.718506,8455067
447,2019-04-05,1348.170654,1351.093018,1330.389282,1341.18689,1324.550049,6792015
448,2019-04-08,1343.267212,1344.753052,1311.270508,1316.768311,1300.434448,8806267
449,2019-04-09,1316.421631,1328.11084,1308.595825,1321.919556,1305.521851,9587648
450,2019-04-10,1325.386719,1335.342285,1314.044189,1318.898193,1302.537842,7684871
451,2019-04-11,1320.433594,1340.295288,1316.520752,1334.153564,1317.604126,5795755
452,2019-04-12,1337.323486,1344.158691,1324.098877,1330.488281,1313.984131,5975855
453,2019-04-15,1332.370483,1336.283325,1322.464355,1327.56604,1311.098267,4285366
454,2019-04-16,1332.370483,1347.229614,1327.417358,1331.132202,1314.620239,8011783
455,2019-04-18,1362.088745,1376.700317,1352.182617,1372.935913,1355.905396,18130729
456,2019-04-22,1347.229614,1354.16394,1328.7052,1332.717163,1316.185547,10895052
457,2019-04-23,1335.342285,1360.107544,1333.361084,1351.043457,1334.284424,9141135
458,2019-04-24,1357.432861,1381.702881,1353.420898,1376.452637,1359.378418,7430660
459,2019-04-25,1376.056396,1399.137573,1349.805176,1359.513184,1342.64917,14061860
460,2019-04-26,1362.088745,1382.842041,1357.829102,1379.721558,1362.606812,6954749
461,2019-04-30,1383.287842,1383.287842,1353.965698,1379.721558,1362.606812,10313866
462,2019-05-02,1378.929077,1400.623535,1369.12207,1391.856567,1374.591187,8764806
463,2019-05-03,1394.72937,1404.189697,1389.479126,1395.62085,1378.30896,6571878
464,2019-05-06,1384.872803,1389.627686,1365.159668,1371.895752,1354.878052,7306518
465,2019-05-07,1381.702881,1381.901001,1327.615479,1330.884521,1314.375488,8961240
466,2019-05-08,1327.417358,1327.417358,1280.066284,1287.248169,1271.280518,14749036
467,2019-05-09,1276.69812,1276.69812,1239.996094,1244.651978,1229.212769,19692278
468,2019-05-10,1253.121704,1265.702393,1233.309448,1239.401733,1224.027466,11333250
469,2019-05-13,1236.182251,1248.96106,1215.973755,1220.481079,1205.341553,8124086
470,2019-05-14,1224.889282,1257.430786,1219.936279,1248.61438,1233.125977,13124240
471,2019-05-15,1261.046509,1265.999634,1238.856934,1245.097778,1229.652954,11269622
472,2019-05-16,1248.119019,1259.956909,1246.286499,1253.468384,1237.9198,6669276
473,2019-05-17,1255.102905,1264.959473,1240.243774,1255.499146,1239.925171,7973309
474,2019-05-20,1301.265259,1325.139038,1291.260132,1313.449829,1297.157227,12450850
475,2019-05-21,1319.690674,1354.16394,1317.560791,1327.219238,1310.755859,14003548
476,2019-05-22,1333.014404,1346.932373,1322.563477,1327.813599,1311.342773,11394393
477,2019-05-23,1359.116943,1378.929077,1312.558228,1321.374634,1304.983643,17890505
478,2019-05-24,1335.342285,1341.087769,1304.138062,1324.296997,1307.869629,10277262
479,2019-05-27,1324.544678,1324.940918,1294.727295,1298.343018,1282.237671,7419387
480,2019-05-28,1307.407104,1322.266235,1301.0177,1311.319946,1295.053711,19657240
481,2019-05-29,1308.595825,1320.780273,1291.904053,1300.720459,1284.585693,7180252
482,2019-05-30,1303.890381,1329.398682,1303.890381,1317.263672,1300.923706,10842653
483,2019-05-31,1325.337158,1329.299561,1307.803345,1317.659912,1301.315063,11871652
484,2019-06-03,1322.464355,1354.411499,1308.793945,1347.427734,1330.713623,8564026
485,2019-06-04,1344.703613,1361.345825,1335.441406,1338.958008,1322.348877,7126831
486,2019-06-06,1349.111816,1349.111816,1308.694824,1314.88623,1298.575684,7736969
487,2019-06-07,1313.49939,1314.787109,1293.340454,1302.553101,1286.395508,6794394
488,2019-06-10,1308.496704,1314.539429,1297.798218,1306.763184,1290.553345,5431146
489,2019-06-11,1309.437866,1321.968994,1305.624023,1316.669312,1300.33667,5303590
490,2019-06-12,1322.167236,1325.832397,1312.558228,1319.641113,1303.271606,4752340
491,2019-06-13,1317.511353,1322.167236,1296.361816,1314.787109,1298.477783,7239164
492,2019-06-14,1309.487427,1312.558228,1297.104736,1305.178223,1288.988159,6896085
493,2019-06-17,1307.605225,1307.605225,1266.494873,1270.259155,1254.502197,6880158
494,2019-06-18,1266.891113,1275.856201,1257.183105,1268.971436,1253.230469,7751984
495,2019-06-19,1274.81604,1289.77417,1250.744141,1265.355713,1249.659668,6688408
496,2019-06-20,1267.980835,1287.792969,1265.999634,1284.573486,1268.639038,4960591
497,2019-06-21,1283.781006,1283.830566,1263.572632,1267.485474,1251.762817,10723794
498,2019-06-24,1260.204468,1264.464111,1245.295898,1250.546021,1235.033691,5199824
499,2019-06-25,1247.078979,1285.811768,1242.472656,1283.682007,1267.758545,6907221
500,2019-06-26,1278.877563,1292.349854,1274.27124,1281.997925,1266.095337,5350180
501,2019-06-27,1281.007324,1284.722168,1259.065308,1262.185791,1246.529053,11493899
502,2019-06-28,1265.108032,1270.804077,1236.925171,1241.333374,1225.935303,8741806
503,2019-07-01,1246.236938,1260.699829,1234.74585,1256.935547,1241.343872,6220490
504,2019-07-02,1261.987671,1268.971436,1251.437622,1266.494873,1250.784546,4682721
505,2019-07-03,1270.853638,1274.4198,1263.077271,1270.506836,1254.746704,4064194
506,2019-07-04,1269.367676,1278.877563,1267.980835,1271.943237,1256.165405,4315672
507,2019-07-05,1273.032959,1278.382202,1248.168579,1251.487183,1235.963013,5042694
508,2019-07-08,1246.187378,1256.192505,1236.47937,1240.293213,1224.907959,6465252
509,2019-07-09,1237.222412,1271.447998,1233.80481,1268.079834,1252.349976,8092747
510,2019-07-10,1268.030396,1277.243042,1256.786865,1266.841553,1251.127075,5546395
511,2019-07-11,1274.915039,1277.688843,1267.287354,1269.516235,1253.768555,3972764
512,2019-07-12,1270.952637,1287.792969,1266.049072,1268.476074,1252.741211,7242056
513,2019-07-15,1272.933838,1277.391602,1258.421387,1264.117432,1248.436646,4919356
514,2019-07-16,1267.931274,1282.740845,1265.058472,1280.858765,1264.970337,4647660
515,2019-07-17,1282.146484,1284.821167,1267.980835,1269.813477,1254.062134,4376049
516,2019-07-18,1269.962036,1274.320679,1246.187378,1250.001221,1234.495483,5511650
517,2019-07-19,1256.291626,1260.996948,1231.031006,1237.271851,1221.924194,7539309
518,2019-07-22,1239.253174,1272.438599,1215.775635,1268.476074,1252.741211,13426225
519,2019-07-23,1272.933838,1281.750244,1248.564819,1261.591431,1245.941895,9375991
520,2019-07-24,1261.54187,1266.792114,1241.779175,1247.2771,1231.805176,7009804
521,2019-07-25,1252.131104,1257.133667,1215.478516,1219.936279,1204.803711,10063036
522,2019-07-26,1219.936279,1230.832886,1198.638062,1202.402466,1187.487305,9408829
523,2019-07-29,1205.473267,1210.525391,1193.78418,1199.579224,1184.698975,8134417
524,2019-07-30,1202.551025,1208.544189,1164.907837,1169.811401,1155.300415,9623710
525,2019-07-31,1164.709717,1173.872803,1151.485107,1155.29895,1140.968018,9797618
526,2019-08-01,1152.475708,1177.042847,1139.548218,1169.16748,1154.664551,10442920
527,2019-08-02,1164.660156,1186.998413,1151.187866,1173.229004,1165.092163,10968377
528,2019-08-05,1156.04187,1156.04187,1117.408081,1132.613892,1124.758789,14029195
529,2019-08-06,1124.094727,1138.805298,1111.464478,1117.705322,1109.953491,13414874
530,2019-08-07,1115.922119,1127.859009,1092.741943,1098.982788,1091.36084,11698729
531,2019-08-08,1097.942627,1147.126343,1085.015137,1141.529419,1133.612549,14398134
532,2019-08-09,1150.940186,1164.462036,1141.479858,1151.187866,1143.203979,10139155
533,2019-08-13,1221.570679,1290.566772,1214.487915,1262.780151,1254.022339,48377710
534,2019-08-14,1291.755493,1292.201172,1268.327515,1276.15332,1267.302612,14624460
535,2019-08-16,1279.075684,1279.670044,1261.046509,1265.999634,1257.21936,10142736
536,2019-08-19,1269.020996,1284.623047,1267.980835,1280.462524,1271.582031,7530571
537,2019-08-20,1277.688843,1280.462524,1260.650269,1263.968872,1255.202637,6908329
538,2019-08-21,1263.671631,1266.643433,1254.607544,1259.015747,1250.283936,4927825
539,2019-08-22,1259.015747,1259.065308,1227.266724,1235.042969,1226.477417,6475744
540,2019-08-23,1227.365845,1271.943237,1214.983154,1263.869751,1255.104248,9833599
541,2019-08-26,1281.849365,1281.849365,1247.177979,1254.904785,1246.201416,8861952
542,2019-08-27,1272.933838,1272.933838,1249.3573,1262.87915,1254.120605,13107475
543,2019-08-28,1261.789551,1268.971436,1244.255737,1251.437622,1242.758423,5355931
544,2019-08-29,1244.651978,1248.41626,1223.700562,1230.089966,1221.558716,8717834
545,2019-08-30,1233.80481,1242.621216,1209.53479,1236.826172,1228.248291,11415309
546,2019-09-03,1230.585327,1231.328247,1188.732056,1195.071899,1186.783569,8644177
547,2019-09-04,1189.276855,1193.932739,1174.912964,1189.871216,1181.619019,15206140
548,2019-09-05,1195.46814,1201.808105,1182.094971,1187.345215,1179.110474,10612413
549,2019-09-06,1191.703857,1217.459717,1184.026611,1211.020752,1202.621826,10700713
550,2019-09-09,1209.18811,1221.422119,1201.758545,1210.723511,1202.32666,5421667
551,2019-09-11,1211.020752,1228.356445,1211.020752,1222.80896,1214.328369,5597024
552,2019-09-12,1223.40332,1228.802124,1194.37854,1198.984863,1190.669312,5482620
553,2019-09-13,1200.619385,1216.964355,1195.567261,1214.091675,1205.671509,5975368
554,2019-09-16,1177.835327,1207.65271,1174.962524,1199.381104,1191.062866,9482774
555,2019-09-17,1199.628662,1199.628662,1182.293091,1186.205933,1177.979126,7218213
556,2019-09-18,1193.635498,1204.878906,1185.958252,1194.37854,1186.094971,6891996
557,2019-09-19,1196.508301,1198.340942,1161.638794,1167.97876,1159.878418,6353109
558,2019-09-20,1176.795166,1257.975708,1163.273315,1242.571655,1233.953857,22228398
559,2019-09-23,1262.185791,1268.971436,1223.40332,1227.563965,1219.050415,9973401
560,2019-09-24,1231.922607,1286.604248,1231.080566,1266.692993,1257.907959,16133561
561,2019-09-25,1271.943237,1282.839966,1256.935547,1267.535034,1258.744263,8395729
562,2019-09-26,1279.868164,1286.604248,1271.447998,1284.623047,1275.713745,8468733
563,2019-09-27,1280.363403,1302.6521,1271.943237,1296.758057,1287.764526,8795570
564,2019-09-30,1297.699097,1323.207275,1293.290894,1319.740234,1310.58728,11659226
565,2019-10-01,1324.445557,1329.398682,1281.155884,1292.646973,1283.681885,8270254
566,2019-10-03,1273.924438,1302.35498,1269.268555,1298.739258,1289.731934,6241716
567,2019-10-04,1307.506104,1316.124512,1291.606812,1295.816895,1286.829956,6918922
568,2019-10-07,1295.816895,1308.397705,1289.477051,1297.798218,1288.797485,4643419
569,2019-10-09,1296.411377,1317.461792,1280.363403,1312.310547,1303.209106,8117158
570,2019-10-10,1312.558228,1356.145142,1308.595825,1349.953735,1340.591309,16155443
571,2019-10-11,1350.894897,1352.776978,1323.999756,1339.899048,1330.606323,7659571
572,2019-10-14,1352.133179,1352.133179,1338.165527,1345.248413,1335.918579,6181455
573,2019-10-15,1349.706177,1357.135742,1341.58313,1351.340698,1341.968628,4463991
574,2019-10-16,1357.036621,1366.695068,1350.894897,1359.463623,1350.035156,8954786
575,2019-10-17,1362.088745,1385.863403,1359.116943,1383.386841,1373.79248,7401968
576,2019-10-18,1390.816406,1414.492065,1385.566162,1403.050537,1393.319824,12978275
577,2019-10-22,1411.619263,1423.358032,1390.172607,1400.871094,1391.155518,12823466
578,2019-10-23,1403.000977,1412.560303,1370.162231,1379.325317,1369.759155,8512900
579,2019-10-24,1387.844604,1427.865234,1373.530273,1422.961792,1413.093018,10449504
580,2019-10-25,1427.568115,1427.914795,1397.998413,1417.760986,1407.928223,6248688
581,2019-10-27,1427.468994,1431.431519,1416.572266,1420.782349,1410.928589,1391348
582,2019-10-29,1431.926758,1466.102783,1428.558716,1453.274414,1443.195435,11892161
583,2019-10-30,1466.102783,1470.610107,1446.587769,1465.211304,1455.049438,7541537
584,2019-10-31,1470.065308,1475.662231,1447.974609,1450.599731,1440.539307,8982513
585,2019-11-01,1441.337524,1448.07373,1427.468994,1443.219727,1433.210449,6416833
586,2019-11-04,1452.135254,1457.187378,1431.530518,1443.962646,1433.94812,6490272
587,2019-11-05,1449.36145,1455.156616,1427.468994,1433.709839,1423.766602,5854289
588,2019-11-06,1429.153076,1432.867798,1415.086426,1421.42627,1411.568115,6749668
589,2019-11-07,1421.525391,1449.262451,1418.751709,1444.903809,1434.882813,6499781
590,2019-11-08,1435.393921,1445.943848,1427.766235,1431.926758,1421.995728,5546929
591,2019-11-11,1425.586914,1430.688477,1409.192261,1414.392944,1404.583618,5241641
592,2019-11-13,1416.572266,1462.04126,1416.572266,1458.475098,1448.359985,11641679
593,2019-11-14,1462.140381,1467.687744,1442.130005,1449.014771,1438.96521,6580126
594,2019-11-15,1451.887573,1472.838989,1449.411011,1457.038696,1446.933594,7241673
595,2019-11-18,1458.821777,1472.046509,1441.733765,1445.498169,1435.473022,6496095
596,2019-11-19,1453.224854,1500.675049,1451.243652,1495.573486,1485.20105,13926337
597,2019-11-20,1540.44812,1557.635132,1528.709351,1533.117554,1522.484741,20092835
598,2019-11-21,1530.492432,1541.38916,1514.196899,1523.161987,1512.598267,6875134
599,2019-11-22,1527.619751,1554.762451,1523.161987,1531.978394,1521.353516,10315843
600,2019-11-25,1536.584717,1550.106567,1536.436157,1546.887085,1536.158813,6989948
601,2019-11-26,1553.37561,1561.548096,1541.38916,1545.599243,1534.879883,16305243
602,2019-11-27,1545.302124,1560.706055,1541.488281,1555.109131,1544.323853,4450122
603,2019-11-28,1557.882813,1569.274902,1549.264526,1565.460938,1554.603882,6344459
604,2019-11-29,1567.095459,1567.095459,1533.315674,1536.584717,1525.927856,8565249
605,2019-12-02,1584.975952,1599.290283,1562.192017,1571.602783,1560.703003,14410500
606,2019-12-03,1577.794067,1579.032349,1557.833252,1564.074097,1553.226563,5995079
607,2019-12-04,1558.229492,1562.687256,1519.348145,1538.120117,1527.452637,9685777
608,2019-12-05,1559.220093,1564.916138,1529.501831,1536.287476,1525.63269,9203442
609,2019-12-06,1538.417358,1553.276489,1526.629028,1540.299561,1529.617065,6038833
610,2019-12-09,1541.53772,1562.588257,1531.978394,1557.833252,1547.029053,5834593
611,2019-12-10,1557.288452,1558.823853,1539.556519,1547.283325,1536.552246,4694991
612,2019-12-11,1540.99292,1559.715454,1536.039917,1547.729126,1536.994995,5706279
613,2019-12-12,1555.505371,1559.071533,1542.033081,1553.474609,1542.700562,4765727
614,2019-12-13,1565.163818,1575.069946,1557.635132,1568.036621,1557.161621,5846419
615,2019-12-16,1577.051147,1578.93335,1549.660767,1551.889648,1541.126709,5488487
616,2019-12-17,1552.038208,1564.173218,1540.943359,1548.026245,1537.290161,9379800
617,2019-12-18,1548.323486,1565.163818,1547.332886,1561.052734,1550.226196,6803466
618,2019-12-19,1558.922974,1599.736084,1557.040771,1594.832642,1583.771851,9464354
619,2019-12-20,1599.835205,1602.361206,1581.112671,1584.084473,1573.098145,9816798
620,2019-12-23,1545.450684,1562.736816,1543.172241,1556.644531,1545.848511,11587233
621,2019-12-24,1554.168091,1557.288452,1528.015991,1531.928833,1521.304199,8329356
622,2019-12-26,1527.17395,1538.367798,1495.969727,1501.17041,1490.759155,13734705
623,2019-12-27,1512.661499,1531.681152,1507.015015,1527.86731,1517.270874,8158196
624,2019-12-30,1531.433594,1533.117554,1513.70166,1529.699951,1519.09082,7902607
625,2019-12-31,1527.52063,1529.204712,1493.889404,1499.83313,1489.431274,10246683
626,2020-01-01,1503.745972,1512.760498,1491.363403,1495.424927,1485.053467,6463060
627,2020-01-02,1497.802368,1526.480469,1497.802368,1520.883545,1510.335693,8173308
628,2020-01-03,1518.605103,1527.17395,1508.699097,1522.716187,1512.155518,9684434
629,2020-01-06,1505.727173,1513.552979,1483.933838,1487.400879,1477.085083,11315596
630,2020-01-07,1504.736572,1520.091064,1499.288208,1510.284058,1499.80957,7699489
631,2020-01-08,1500.77417,1520.041504,1495.821167,1498.941528,1488.545776,7406104
632,2020-01-09,1524.152588,1535.445557,1516.871582,1533.464233,1522.828979,6914533
633,2020-01-10,1537.327637,1543.320801,1525.192749,1533.117554,1522.484741,5758760
634,2020-01-13,1530.541992,1544.063843,1523.954468,1529.204712,1518.599121,8437316
635,2020-01-14,1525.539429,1535.445557,1507.559814,1515.03894,1504.531494,7299328
636,2020-01-15,1521.428345,1525.440308,1503.993652,1509.541016,1499.071777,7299939
637,2020-01-16,1514.6427,1528.85791,1513.6521,1523.459106,1512.893311,5929338
638,2020-01-17,1538.912598,1570.067383,1538.615479,1566.154419,1555.29248,13597387
639,2020-01-20,1593.891479,1593.891479,1512.067139,1517.961304,1507.433594,15019904
640,2020-01-21,1514.24646,1531.334473,1507.708374,1519.496704,1508.958374,8732832
641,2020-01-22,1529.501831,1532.226074,1516.723022,1518.951904,1508.417358,4763978
642,2020-01-23,1522.072266,1527.471069,1506.420654,1512.512939,1502.022949,5190829
643,2020-01-24,1512.661499,1521.923706,1504.290771,1507.262695,1496.809204,6751025
644,2020-01-27,1500.675049,1510.135376,1490.868042,1492.403564,1482.053223,6178444
645,2020-01-28,1494.434204,1495.821167,1449.856812,1457.930298,1447.81897,11321622
646,2020-01-29,1460.20874,1480.367554,1450.302612,1465.954224,1455.787354,11420535
647,2020-01-30,1465.112183,1465.805664,1426.478394,1430.193237,1420.274292,10338837
648,2020-01-31,1439.356323,1439.604004,1393.98645,1398.394653,1388.696167,16037262
649,2020-02-03,1357.036621,1386.804443,1350.250977,1372.490112,1362.971436,14173717
650,2020-02-04,1386.854004,1419.048828,1384.674683,1413.006104,1403.206299,11714666
651,2020-02-05,1421.42627,1439.158203,1416.869507,1434.89856,1424.946899,8524871
652,2020-02-06,1440.446045,1453.224854,1426.577515,1444.111328,1434.095825,7171051
653,2020-02-07,1437.375122,1438.712402,1414.888306,1420.187988,1410.338501,5634549
654,2020-02-10,1414.591064,1431.926758,1397.205933,1422.119751,1412.256836,6988250
655,2020-02-11,1433.80896,1452.432373,1431.480957,1439.108643,1429.12793,6460912
656,2020-02-12,1442.476807,1461.001221,1441.337524,1456.493896,1446.392578,6245738
657,2020-02-13,1463.873901,1463.873901,1448.866211,1460.307739,1450.179932,6260549
658,2020-02-14,1463.378662,1487.35144,1439.455444,1473.63147,1463.411255,9796645
659,2020-02-17,1475.018311,1492.007202,1460.456299,1464.369263,1454.213257,6068321
660,2020-02-18,1462.04126,1462.04126,1443.714966,1453.621094,1443.539551,5135183
661,2020-02-19,1465.458862,1492.304443,1461.248779,1489.679321,1479.347778,6499952
662,2020-02-20,1482.943237,1493.839844,1469.867188,1471.996948,1461.788086,7795779
663,2020-02-24,1455.949097,1463.130981,1426.032593,1431.381958,1421.454834,9862350
664,2020-02-25,1437.771362,1437.771362,1396.760132,1403.099976,1393.369019,12804341
665,2020-02-26,1396.760132,1399.088013,1374.322754,1378.929077,1369.365723,13550903
666,2020-02-27,1374.966675,1380.71228,1356.145142,1373.233154,1363.709229,11562875
667,2020-02-28,1342.17749,1344.257813,1312.558228,1316.17395,1307.045776,18144221
668,2020-03-02,1342.37561,1356.145142,1288.88269,1303.791382,1294.749023,13614473
669,2020-03-03,1317.214111,1341.18689,1309.586426,1330.240601,1321.014893,12644541
670,2020-03-04,1339.304688,1341.087769,1295.618774,1327.120239,1317.916016,10201574
671,2020-03-05,1339.502808,1345.198853,1293.736694,1298.838257,1289.8302,14080540
672,2020-03-06,1258.074707,1276.054321,1229.446045,1259.065308,1250.33313,15568253
673,2020-03-09,1228.405884,1229.347046,1084.718018,1103.68811,1096.033569,40698294
674,2020-03-11,1097.595947,1167.384399,1097.595947,1142.71814,1134.792847,27495503
675,2020-03-12,1074.81189,1090.661621,1038.852661,1053.018433,1045.715332,25830369
676,2020-03-13,988.628784,1129.29541,933.550842,1094.921265,1087.327515,33826739
677,2020-03-16,1050.591431,1069.561646,995.563049,1006.162598,999.184448,17759556
678,2020-03-17,1037.416382,1050.046631,993.779968,998.534912,991.60968,20973312
679,2020-03-18,1015.672424,1026.172852,951.976196,959.405762,952.751892,20643079
680,2020-03-19,911.460266,957.919861,883.822266,909.082825,902.777954,28337941
681,2020-03-20,930.678101,1025.182251,921.267334,1008.391479,1001.397888,29240849
682,2020-03-23,907.596863,941.079529,867.427673,875.748779,869.67511,18769636
683,2020-03-24,921.267334,960.891724,887.388428,934.541504,928.060059,21106643
684,2020-03-25,954.749939,1140.736938,954.205078,1072.087646,1064.652344,33749620
685,2020-03-26,1085.510498,1106.412354,1032.562378,1056.188354,1048.863159,21111073
686,2020-03-27,1084.718018,1096.902466,1036.376221,1055.593994,1048.273071,19225132
687,2020-03-30,1030.828735,1064.707642,1010.42218,1020.774109,1013.69458,13951078
688,2020-03-31,1063.865601,1119.191162,1038.159302,1103.29187,1095.640137,20441125
689,2020-04-01,1111.712036,1114.040039,1035.38562,1070.304565,1062.881592,19197220
690,2020-04-03,1123.797485,1123.797485,1046.381348,1067.332764,1059.93042,19091236
691,2020-04-07,1091.751343,1202.600586,1089.671021,1194.77478,1186.488525,25093419
692,2020-04-08,1168.9198,1217.459717,1149.107666,1180.955688,1172.765259,23019764
693,2020-04-09,1202.600586,1221.223999,1181.797729,1208.494629,1200.113281,15244658
694,2020-04-13,1192.644897,1203.591187,1168.9198,1177.983887,1169.814087,10925447
695,2020-04-15,1185.809692,1224.393921,1132.267212,1139.052856,1131.153076,16301024
696,2020-04-16,1139.052856,1176.299805,1134.248413,1157.082031,1149.057129,17285802
697,2020-04-17,1204.581787,1218.450317,1181.45105,1212.506592,1204.09729,15353792
698,2020-04-20,1214.487915,1245.196777,1190.713257,1232.120728,1223.575439,16628269
699,2020-04-21,1198.638062,1240.243774,1153.070068,1225.731323,1217.230347,28322996
700,2020-04-22,1307.605225,1371.895752,1287.792969,1350.795776,1341.42749,65848350
701,2020-04-23,1354.51062,1372.836914,1340.592529,1358.027222,1348.608765,30211857
702,2020-04-24,1337.472046,1480.912476,1334.549805,1403.694336,1393.959106,62296159
703,2020-04-27,1420.53479,1461.14978,1409.638062,1416.324707,1406.501953,26989849
704,2020-04-28,1436.384521,1441.783325,1379.077759,1414.739624,1404.927856,36206232
705,2020-04-29,1431.332397,1440.000244,1406.66626,1413.550903,1403.747314,17303785
706,2020-04-30,1440.297363,1480.912476,1424.546753,1452.234253,1442.162476,32926121
707,2020-05-04,1426.478394,1451.243652,1404.140137,1421.723511,1411.863281,24670336
708,2020-05-05,1440.049805,1465.112183,1433.61084,1446.934448,1436.899414,20723079
709,2020-05-06,1450.253052,1471.006348,1431.926758,1447.033569,1436.997925,18685710
710,2020-05-07,1441.337524,1499.43689,1431.431519,1492.799805,1482.446655,23087436
711,2020-05-08,1530.492432,1565.064697,1522.666626,1547.134766,1536.404785,38887255
712,2020-05-11,1565.163818,1599.835205,1557.536133,1561.993896,1551.160889,30959745
713,2020-05-12,1550.106567,1553.623169,1451.243652,1465.359863,1455.197021,46465281
714,2020-05-13,1527.0,1527.0,1454.0,1496.449951,1486.071411,30657492
715,2020-05-14,1469.0,1496.699951,1430.050049,1435.949951,1425.991089,22736607
716,2020-05-15,1444.0,1466.699951,1415.099976,1459.400024,1449.278564,28683258
717,2020-05-18,1470.0,1482.0,1428.0,1440.75,1430.757813,28980385
718,2020-05-19,1457.0,1461.699951,1403.25,1408.900024,1399.128662,19528760
719,2020-05-20,1410.0,1446.849976,1393.0,1433.699951,1423.756714,25530626
720,2020-05-21,1435.0,1461.449951,1425.0,1441.25,1431.254272,18076017
721,2020-05-22,1451.800049,1458.0,1426.5,1431.550049,1421.621582,17458065
722,2020-05-26,1448.150024,1449.699951,1416.300049,1424.050049,1414.173706,15329472
723,2020-05-27,1431.0,1454.0,1412.0,1445.550049,1435.524536,16460756
724,2020-05-28,1455.0,1479.75,1449.0,1472.25,1462.039307,18518271
725,2020-05-29,1468.0,1472.0,1452.650024,1464.400024,1454.243774,18470390
726,2020-06-01,1480.0,1538.349976,1475.949951,1520.349976,1509.805786,18434012
727,2020-06-02,1526.0,1540.0,1520.800049,1535.699951,1525.049194,10224049
728,2020-06-03,1545.0,1560.0,1533.349976,1541.650024,1530.958008,11713461
729,2020-06-04,1544.0,1589.5,1541.0,1579.800049,1568.843506,15784379
730,2020-06-05,1595.0,1618.0,1573.699951,1581.699951,1570.730225,15264885
731,2020-06-08,1618.400024,1618.400024,1565.0,1569.5,1558.61499,14497996
732,2020-06-09,1560.300049,1583.0,1533.0,1537.150024,1526.489258,11933076
733,2020-06-10,1543.099976,1579.550049,1540.050049,1572.150024,1561.246582,10214213
734,2020-06-11,1566.0,1567.949951,1531.0,1537.699951,1527.0354,9408046
735,2020-06-12,1500.0,1593.0,1497.0,1588.800049,1577.781128,17790311
736,2020-06-15,1565.0,1626.949951,1561.099976,1614.550049,1603.352539,24509058
737,2020-06-16,1643.0,1648.550049,1585.300049,1617.699951,1606.480469,23622794
738,2020-06-17,1608.25,1635.449951,1602.099976,1615.349976,1604.146851,19282411
739,2020-06-18,1607.0,1665.0,1605.599976,1655.900024,1644.415649,18677617
740,2020-06-19,1670.0,1788.800049,1662.0,1759.400024,1747.197876,48828609
741,2020-06-22,1773.400024,1804.199951,1735.0,1746.150024,1734.039795,27781693
742,2020-06-23,1750.0,1763.75,1716.099976,1720.900024,1708.964844,17519493
743,2020-06-24,1735.900024,1772.699951,1711.699951,1727.849976,1715.866699,23807033
744,2020-06-25,1727.0,1749.0,1713.050049,1717.900024,1705.985718,18312025
745,2020-06-26,1728.800049,1752.0,1717.0,1741.650024,1729.570923,14270458
746,2020-06-29,1728.050049,1739.75,1715.550049,1723.150024,1711.199219,11824524
747,2020-06-30,1737.0,1741.0,1695.550049,1704.099976,1692.281372,13972563
748,2020-07-01,1720.0,1749.0,1708.050049,1737.599976,1725.549072,13136179
749,2020-07-02,1743.0,1767.599976,1735.050049,1760.349976,1754.7052,13286365
750,2020-07-03,1779.800049,1793.0,1768.0,1787.900024,1782.16687,13583909
751,2020-07-06,1805.0,1858.0,1792.099976,1851.800049,1845.862061,21697962
752,2020-07-07,1860.0,1864.349976,1806.300049,1823.449951,1817.602905,16239990
753,2020-07-08,1824.050049,1834.949951,1790.0,1798.0,1792.234497,12093186
754,2020-07-09,1809.0,1835.0,1786.25,1824.25,1818.400391,16807336
755,2020-07-10,1828.5,1884.599976,1824.25,1878.050049,1872.027832,20195218
756,2020-07-13,1903.349976,1947.699951,1900.0,1935.0,1928.795166,32124262
757,2020-07-14,1934.0,1941.699951,1887.300049,1917.0,1910.852905,31073305
758,2020-07-15,1937.949951,1978.800049,1798.0,1844.0,1838.087036,64457578
759,2020-07-16,1847.0,1869.0,1812.449951,1843.400024,1837.489014,28133826
760,2020-07-17,1845.0,1920.0,1838.0,1911.699951,1905.569824,22948894
761,2020-07-20,1917.800049,1932.0,1899.650024,1919.900024,1913.743652,16887635
762,2020-07-21,1939.0,1977.0,1936.5,1971.550049,1965.228027,19463004
763,2020-07-22,1983.0,2010.0,1960.699951,2004.0,1997.573975,27584518
764,2020-07-23,2003.949951,2079.699951,1991.349976,2057.800049,2051.201416,26921017
765,2020-07-24,2058.0,2163.0,2057.800049,2146.149902,2139.268066,55655668
766,2020-07-27,2178.800049,2198.800049,2127.899902,2156.199951,2149.285889,37060665
767,2020-07-28,2156.199951,2194.0,2150.649902,2177.699951,2170.716797,25435297
768,2020-07-29,2177.899902,2182.800049,2070.449951,2096.649902,2089.926758,33534147
769,2020-07-30,2099.0,2139.699951,2072.0,2108.850098,2102.087891,33623699
770,2020-07-31,2114.5,2129.0,2052.800049,2067.100098,2060.47168,34593133
771,2020-08-03,2051.300049,2057.0,2003.099976,2009.0,2002.557861,21559142
772,2020-08-04,2020.599976,2167.0,2000.25,2150.600098,2143.703857,42476932
773,2020-08-05,2169.0,2196.0,2118.300049,2126.449951,2119.631348,34404810
774,2020-08-06,2157.0,2167.699951,2107.800049,2134.100098,2127.256836,22762545
775,2020-08-07,2129.800049,2157.800049,2120.199951,2146.449951,2139.567139,15222303
776,2020-08-10,2159.100098,2165.0,2108.100098,2119.850098,2113.05249,12441573
777,2020-08-11,2134.800049,2160.0,2100.350098,2133.800049,2126.957764,21611256
778,2020-08-12,2121.0,2145.0,2106.800049,2127.600098,2120.777832,13967116
779,2020-08-13,2128.0,2138.899902,2110.0,2122.050049,2115.245361,11459190
780,2020-08-14,2122.550049,2157.0,2089.25,2113.800049,2107.021973,15333164
781,2020-08-17,2105.0,2105.0,2070.100098,2091.350098,2084.644043,14296834
782,2020-08-18,2085.0,2134.300049,2082.350098,2118.550049,2111.756592,14097746
783,2020-08-19,2141.0,2154.0,2121.350098,2131.550049,2124.715088,15731396
784,2020-08-20,2120.0,2123.899902,2088.0,2097.050049,2090.325684,10401212
785,2020-08-21,2118.0,2122.0,2077.0,2081.850098,2075.174316,11667129
786,2020-08-24,2091.399902,2104.5,2070.5,2095.75,2089.029785,15098991
787,2020-08-25,2106.0,2111.300049,2078.0,2082.100098,2075.423584,8947563
788,2020-08-26,2085.0,2147.949951,2047.0,2137.300049,2130.446533,27630190
789,2020-08-27,2148.0,2150.0,2103.25,2110.600098,2103.832275,12961252
790,2020-08-28,2120.0,2132.899902,2106.25,2116.149902,2109.364258,12537520
791,2020-08-31,2174.0,2174.0,2060.350098,2080.699951,2074.028076,28648125
792,2020-09-01,2100.0,2122.399902,2062.399902,2087.25,2080.556885,17821397
793,2020-09-02,2092.0,2138.0,2085.0,2128.199951,2121.375732,12437162
794,2020-09-03,2128.0,2138.75,2103.0,2112.100098,2105.327393,8577634
795,2020-09-04,2083.550049,2096.949951,2072.199951,2077.25,2070.589111,13141644
796,2020-09-07,2084.0,2105.75,2044.25,2082.649902,2075.97168,10119064
797,2020-09-08,2092.0,2121.0,2080.5,2107.100098,2100.343506,12643749
798,2020-09-09,2085.0,2167.800049,2081.449951,2161.350098,2154.419434,25525961
799,2020-09-10,2183.100098,2344.949951,2175.350098,2314.0,2306.579834,64750460
800,2020-09-11,2312.0,2337.850098,2287.100098,2319.75,2312.311523,27445768
801,2020-09-14,2325.0,2360.0,2282.0,2302.550049,2295.166748,20335273
802,2020-09-15,2311.949951,2325.75,2288.149902,2318.850098,2311.414551,12542824
803,2020-09-16,2320.0,2369.350098,2310.550049,2324.550049,2317.096191,15668979
804,2020-09-17,2320.0,2333.699951,2291.850098,2298.75,2291.378906,11919927
805,2020-09-18,2314.25,2319.449951,2276.550049,2305.699951,2298.306396,15264068
806,2020-09-21,2300.0,2336.0,2247.350098,2255.850098,2248.616455,15519031
807,2020-09-22,2277.0,2277.0,2201.550049,2211.149902,2204.05957,16056620
808,2020-09-23,2260.0,2276.75,2205.300049,2230.800049,2223.646729,19839282
809,2020-09-24,2207.899902,2226.0,2176.050049,2181.199951,2174.205811,13764841
810,2020-09-25,2189.0,2212.800049,2167.300049,2201.699951,2194.639893,13095028
811,2020-09-28,2227.0,2238.0,2207.050049,2216.25,2209.143311,9076248
812,2020-09-29,2225.0,2264.0,2216.25,2245.050049,2237.851074,11926328
813,2020-09-30,2260.0,2267.0,2225.0,2234.350098,2227.185303,11290667
814,2020-10-01,2263.800049,2263.800049,2214.0,2225.25,2218.114502,9591456
815,2020-10-05,2244.0,2249.149902,2206.0,2212.199951,2205.106201,8732869
816,2020-10-06,2225.25,2233.899902,2201.649902,2210.350098,2203.262451,8497216
817,2020-10-07,2235.0,2309.0,2220.0,2257.5,2250.260986,24538346
818,2020-10-08,2259.0,2268.0,2222.100098,2239.25,2232.06958,9727405
819,2020-10-09,2235.0,2253.0,2217.100098,2233.449951,2226.288086,8558745
820,2020-10-12,2235.0,2255.75,2226.25,2237.050049,2229.876709,6565515
821,2020-10-13,2230.600098,2285.75,2225.850098,2280.699951,2273.386719,10666190
822,2020-10-14,2278.899902,2304.0,2268.5,2287.5,2280.164795,12341434
823,2020-10-15,2290.0,2290.0,2195.0,2206.5,2199.424561,9246702
824,2020-10-16,2215.0,2232.5,2172.649902,2175.800049,2168.822998,9960828
825,2020-10-19,2190.050049,2228.699951,2155.149902,2176.199951,2169.22168,14398973
826,2020-10-20,2179.0,2193.0,2152.25,2155.899902,2148.986816,8529573
827,2020-10-21,2168.0,2192.0,2097.75,2124.600098,2117.787354,15728986
828,2020-10-22,2127.399902,2132.5,2091.0,2106.949951,2100.193848,14215215
829,2020-10-23,2106.0,2135.0,2096.399902,2113.050049,2106.274414,10809307
830,2020-10-26,2101.949951,2101.949951,2018.5,2029.099976,2022.593384,17225212
831,2020-10-27,2034.900024,2059.850098,2005.0,2034.5,2027.976196,16835005
832,2020-10-28,2041.800049,2057.699951,2007.400024,2011.449951,2005.0,13809929
833,2020-10-29,1997.0,2042.0,1991.0,2026.900024,2020.400513,14147418
834,2020-10-30,2033.5,2065.100098,2021.800049,2054.5,2047.911987,15700946
835,2020-11-02,2027.0,2027.0,1859.150024,1877.449951,1871.429688,45857806
836,2020-11-03,1890.0,1909.0,1835.099976,1850.400024,1844.466553,40931170
837,2020-11-04,1837.0,1929.0,1837.0,1913.199951,1907.065063,37003111
838,2020-11-05,1954.949951,1960.949951,1932.0,1955.0,1948.731079,17170274
839,2020-11-06,1990.0,2040.0,1978.150024,2029.150024,2022.643311,30770080
840,2020-11-09,2062.100098,2069.0,2036.0,2050.699951,2044.124146,16539467
841,2020-11-10,2077.0,2090.0,2041.199951,2084.550049,2077.865723,17045147
842,2020-11-11,2089.0,2095.0,1978.099976,1997.199951,1990.795654,26178477
843,2020-11-12,1981.0,2008.449951,1965.0,1980.0,1973.650879,18481466
844,2020-11-13,1982.0,2036.650024,1981.75,1996.400024,1989.998291,20946864
845,2020-11-14,2014.900024,2015.300049,1995.349976,2002.300049,1995.879395,2411900
846,2020-11-17,2085.0,2085.0,1985.0,1993.25,1986.858398,21479385
847,2020-11-18,1993.25,2006.5,1960.099976,1987.199951,1980.827759,14030652
848,2020-11-19,1987.199951,2010.449951,1968.199951,1973.150024,1966.822876,12828008
849,2020-11-20,1975.0,1983.800049,1895.0,1899.5,1893.409058,26522972
850,2020-11-23,1951.0,1970.0,1926.25,1950.699951,1944.444824,20918665
851,2020-11-24,1964.0,1974.0,1932.0,1964.050049,1957.752075,14277083
852,2020-11-25,1980.0,1992.949951,1942.199951,1947.800049,1941.554199,15062376
853,2020-11-26,1953.050049,1965.0,1930.050049,1952.599976,1946.338745,11924527
854,2020-11-27,1940.5,1956.099976,1921.400024,1929.800049,1923.611938,21845931
855,2020-12-01,1940.349976,1966.25,1930.050049,1954.900024,1948.63147,9114939
856,2020-12-02,1958.5,1962.0,1935.0,1958.150024,1951.870972,10240168
857,2020-12-03,1972.0,1981.099976,1958.650024,1964.050049,1957.752075,12822945
858,2020-12-04,1969.0,1969.0,1940.0,1946.75,1940.507568,8521388
859,2020-12-07,1940.599976,1965.0,1940.599976,1958.199951,1951.920776,8418767
860,2020-12-08,1961.150024,2014.25,1950.0,1993.75,1987.356812,20030506
861,2020-12-09,2009.949951,2033.800049,1999.25,2026.949951,2020.450317,13464375
862,2020-12-10,2021.599976,2028.5,2001.0,2007.0,2000.564331,7414229
863,2020-12-11,2013.0,2038.0,1974.25,2005.800049,1999.368286,12434745
864,2020-12-14,2007.949951,2015.0,1986.349976,1991.300049,1984.914673,7989830
865,2020-12-15,1989.699951,1989.699951,1961.099976,1974.349976,1968.019043,8561406
866,2020-12-16,1988.0,1994.949951,1965.699951,1976.550049,1970.212036,8565904
867,2020-12-17,1984.5,2005.0,1977.150024,1985.599976,1979.23291,9346460
868,2020-12-18,1980.099976,2004.900024,1965.0,1991.550049,1985.16394,8522215
869,2020-12-21,2010.0,2022.0,1855.25,1939.699951,1933.480103,20368545
870,2020-12-22,1949.0,1958.900024,1888.449951,1936.699951,1930.489746,12986606
871,2020-12-23,1930.0,1951.449951,1920.650024,1943.849976,1937.616821,8999898
872,2020-12-24,1947.0,1998.800049,1945.900024,1994.150024,1987.755615,9588577
873,2020-12-28,2006.699951,2018.0,1995.300049,2003.300049,1996.876221,7947719
874,2020-12-29,2009.0,2012.300049,1982.550049,1990.050049,1983.668701,8589407
875,2020-12-30,1995.25,2007.199951,1975.550049,1995.5,1989.101196,10173132
876,2020-12-31,1993.5,2011.900024,1978.599976,1985.300049,1978.93396,8667516
877,2021-01-01,1988.0,1997.0,1982.0,1987.5,1981.126831,4622002
878,2021-01-04,1995.099976,1998.900024,1968.0,1990.849976,1984.466064,11312992
879,2021-01-05,1969.0,1983.599976,1956.0,1966.099976,1959.79541,11132803
880,2021-01-06,1965.900024,1966.0,1905.150024,1914.25,1908.111694,21414270
881,2021-01-07,1920.5,1945.0,1905.150024,1911.150024,1905.021729,14918406
882,2021-01-08,1918.0,1938.400024,1912.099976,1933.699951,1927.499268,12709792
883,2021-01-11,1938.800049,1938.800049,1892.5,1897.25,1891.16626,15371556
884,2021-01-12,1903.0,1960.0,1899.900024,1957.050049,1950.774536,18996047
885,2021-01-13,1963.550049,1974.949951,1918.449951,1938.800049,1932.58313,12284876
886,2021-01-14,1945.0,1966.900024,1939.050049,1960.599976,1954.31311,9946818
887,2021-01-15,1960.599976,1973.800049,1920.050049,1937.449951,1931.237305,9503790
888,2021-01-18,1949.099976,1997.0,1923.349976,1983.949951,1977.588257,16198856
889,2021-01-19,1994.650024,2031.0,1994.650024,2016.400024,2009.934204,14771048
890,2021-01-20,2021.400024,2058.0,2001.400024,2054.699951,2048.111328,14271669
891,2021-01-21,2082.0,2120.0,2075.0,2099.399902,2092.667969,18038987
892,2021-01-22,2111.0,2115.350098,2035.150024,2049.600098,2043.027832,14090818
893,2021-01-25,2034.949951,2034.949951,1932.0,1941.0,1934.776001,25016570
894,2021-01-27,1925.0,1925.0,1888.0,1895.0,1888.923462,19553809
895,2021-01-28,1880.150024,1923.300049,1870.0,1876.550049,1870.532715,15722291
896,2021-01-29,1894.300049,1913.099976,1830.0,1841.949951,1836.043579,20173258
897,2021-02-01,1859.400024,1905.0,1848.0,1895.300049,1889.222534,15774504
898,2021-02-02,1914.25,1940.0,1854.949951,1925.800049,1919.624756,19138414
899,2021-02-03,1928.300049,1952.0,1900.0,1930.650024,1924.459229,13984228
900,2021-02-04,1924.0,1940.0,1905.0,1924.300049,1918.129517,11826848
901,2021-02-05,1930.050049,1944.650024,1920.0,1923.75,1917.581299,9344470
902,2021-02-08,1933.050049,1969.0,1929.050049,1951.449951,1945.192383,9776136
903,2021-02-09,1961.949951,1989.599976,1952.300049,1956.150024,1949.877441,9047308
904,2021-02-10,1953.75,1984.75,1927.300049,1974.300049,1967.969238,9799560
905,2021-02-11,1980.0,2064.199951,1972.25,2055.699951,2049.108154,19631870
906,2021-02-12,2055.5,2078.0,2015.400024,2041.599976,2035.053345,14074374
907,2021-02-15,2048.050049,2061.300049,2025.0,2032.599976,2026.082275,7287590
908,2021-02-16,2039.75,2079.399902,2035.0,2059.5,2052.895996,9886093
909,2021-02-17,2060.0,2095.949951,2050.600098,2083.25,2076.569824,10957388
910,2021-02-18,2085.0,2108.399902,2059.100098,2067.699951,2061.06958,8605531
911,2021-02-19,2057.0,2104.949951,2053.300049,2080.300049,2073.629395,10800704
912,2021-02-22,2080.0,2089.899902,1994.949951,2008.099976,2001.660767,10985697
913,2021-02-23,2048.0,2052.899902,2013.599976,2023.449951,2016.961548,11834752
914,2021-02-24,2030.0,2065.25,2026.150024,2061.0,2054.391113,4987735
915,2021-02-25,2076.0,2152.0,2073.0,2144.350098,2137.474121,16085897
916,2021-02-26,2117.0,2133.899902,2070.699951,2085.800049,2079.111816,17297575
917,2021-03-01,2110.199951,2112.0,2062.5,2101.699951,2094.960693,8159670
918,2021-03-02,2122.0,2130.0,2089.100098,2106.0,2099.246826,7915073
919,2021-03-03,2121.050049,2219.899902,2107.199951,2202.100098,2195.038818,14733134
920,2021-03-04,2180.0,2189.949951,2157.699951,2175.850098,2168.873047,9892597
921,2021-03-05,2156.0,2211.949951,2153.050049,2178.699951,2171.713623,11773630
922,2021-03-08,2168.5,2231.899902,2168.0,2191.100098,2184.073975,9002404
923,2021-03-09,2200.0,2213.800049,2146.600098,2191.050049,2184.02417,6993792
924,2021-03-10,2207.0,2215.100098,2170.25,2181.949951,2174.953369,5316182
925,2021-03-12,2195.0,2206.399902,2123.899902,2137.600098,2130.745605,7783173
926,2021-03-15,2140.050049,2148.899902,2080.5,2108.899902,2102.137451,7706170
927,2021-03-16,2114.0,2126.0,2095.5,2100.600098,2093.864258,6402757
928,2021-03-17,2098.050049,2103.0,2035.099976,2055.350098,2048.759277,8865521
929,2021-03-18,2072.899902,2084.800049,2001.0,2009.099976,2002.657593,9528809
930,2021-03-19,1991.0,2095.850098,1982.800049,2082.0,2075.32373,19284892
931,2021-03-22,2071.0,2074.0,2033.199951,2062.399902,2055.786621,8571196
932,2021-03-23,2061.949951,2109.699951,2056.0,2087.5,2080.806152,8039865
933,2021-03-24,2079.75,2079.75,2040.400024,2047.300049,2040.735107,7763726
934,2021-03-25,2054.0,2054.0,1985.0,1991.449951,1985.064087,10153757
935,2021-03-26,2012.0,2013.699951,1973.699951,1994.650024,1988.253906,9313160
936,2021-03-30,2008.0,2048.899902,1991.550049,2029.300049,2022.792847,9433842
937,2021-03-31,2018.0,2049.899902,1999.0,2003.099976,1996.676758,7499740
938,2021-04-01,2018.0,2030.0,2003.150024,2021.849976,2015.366699,5410307
939,2021-04-05,2024.949951,2025.0,1962.099976,1992.599976,1986.210449,6864856
940,2021-04-06,2004.0,2004.949951,1969.0,1984.300049,1977.937134,6465241
941,2021-04-07,2000.0,2046.900024,1993.300049,2002.849976,1996.427612,11198918
942,2021-04-08,2011.0,2022.0,1993.0,2005.349976,1998.919556,7092878
943,2021-04-09,1998.449951,2006.349976,1980.0,1982.050049,1975.694336,6478482
944,2021-04-12,1959.0,1961.400024,1900.25,1911.150024,1905.021729,9646031
945,2021-04-13,1924.0,1940.599976,1917.849976,1931.800049,1925.605469,8958261
946,2021-04-15,1926.300049,1961.0,1913.0,1944.300049,1938.06543,9102492
947,2021-04-16,1936.599976,1949.900024,1926.449951,1932.099976,1925.904541,7225679
948,2021-04-19,1904.0,1916.400024,1890.0,1901.699951,1895.601929,8527967
949,2021-04-20,1910.5,1919.0,1890.449951,1901.150024,1895.053833,7939490
950,2021-04-22,1892.25,1914.449951,1876.699951,1906.400024,1900.286987,6687573
951,2021-04-23,1906.0,1918.900024,1895.349976,1904.349976,1898.243408,5459016
952,2021-04-26,1920.0,1962.0,1911.5,1937.849976,1931.635986,9620785
953,2021-04-27,1940.0,1997.199951,1938.25,1988.650024,1982.273193,9226547
954,2021-04-28,1997.849976,2008.0,1980.150024,1997.300049,1990.895508,7902002
955,2021-04-29,2022.900024,2044.5,2007.300049,2024.050049,2017.559692,8035915
956,2021-04-30,2008.5,2036.0,1987.550049,1994.5,1988.10437,9150974
957,2021-05-03,1966.0,1979.0,1943.099976,1959.050049,1952.768188,10909942
958,2021-05-04,1950.0,1967.800049,1911.0,1916.599976,1910.454224,10083693
959,2021-05-05,1923.349976,1938.5,1908.050049,1920.099976,1913.942993,5719649
960,2021-05-06,1921.849976,1935.0,1906.599976,1931.0,1924.807983,6749281
961,2021-05-07,1937.75,1955.650024,1926.0,1931.75,1925.555664,5671163
962,2021-05-10,1939.0,1946.800049,1920.949951,1926.199951,1920.023438,6433879
963,2021-05-11,1915.0,1938.550049,1910.0,1933.150024,1926.951172,6220217
964,2021-05-12,1930.099976,1932.900024,1907.0,1913.150024,1907.015259,6081627
965,2021-05-14,1928.050049,1942.0,1906.0,1937.300049,1931.087891,6134079
966,2021-05-17,1937.300049,1963.449951,1930.400024,1960.349976,1954.063843,5479424
967,2021-05-18,1981.0,2002.599976,1972.5,1987.949951,1981.575317,5567958
968,2021-05-19,1980.0,2016.449951,1972.0,1997.050049,1990.64624,7530294
969,2021-05-20,1997.900024,2010.900024,1981.0,1985.400024,1979.033569,5271497
970,2021-05-21,1992.0,2009.599976,1986.0,2002.550049,1996.128662,4977555
971,2021-05-24,2008.0,2009.800049,1982.0,1985.650024,1979.282837,3946636
972,2021-05-25,1996.400024,1997.0,1960.0,1963.150024,1956.85498,6821015
973,2021-05-26,1975.0,1979.5,1965.300049,1970.050049,1963.73291,3452113
974,2021-05-27,1970.300049,1993.0,1962.25,1976.099976,1969.763428,12377100
975,2021-05-28,1990.0,2105.0,1990.0,2094.800049,2088.082764,26060864
976,2021-05-31,2102.0,2191.699951,2085.050049,2160.300049,2153.372803,27285782
977,2021-06-01,2166.0,2202.0,2146.5,2168.899902,2161.945068,12928379
978,2021-06-02,2157.0,2209.5,2157.0,2201.25,2194.191406,11366816
979,2021-06-03,2221.0,2250.0,2196.100098,2209.649902,2202.564453,11064116
980,2021-06-04,2214.800049,2216.449951,2184.25,2190.5,2183.47583,6677278
981,2021-06-07,2202.0,2242.0,2185.0,2227.399902,2220.257568,7539326
982,2021-06-08,2226.600098,2227.149902,2198.149902,2214.600098,2207.498779,4464889
983,2021-06-09,2219.0,2221.0,2157.949951,2175.0,2168.025635,5265326
984,2021-06-10,2193.399902,2230.0,2177.550049,2183.0,2176.0,6532832
985,2021-06-11,2182.899902,2228.0,2180.100098,2213.149902,2213.149902,6351520
986,2021-06-14,2215.0,2258.25,2195.050049,2244.899902,2244.899902,9383416
987,2021-06-15,2261.0,2274.899902,2240.300049,2250.0,2250.0,7002898
988,2021-06-16,2244.899902,2247.050049,2205.850098,2211.600098,2211.600098,4982975
989,2021-06-17,2200.0,2235.0,2179.899902,2215.649902,2215.649902,7266765
990,2021-06-18,2225.5,2235.0,2184.350098,2225.649902,2225.649902,13553801
991,2021-06-21,2203.5,2247.5,2200.149902,2237.25,2237.25,5624044
992,2021-06-22,2254.0,2261.0,2219.350098,2225.75,2225.75,5940386
993,2021-06-23,2250.0,2250.600098,2201.699951,2205.350098,2205.350098,7685796
994,2021-06-24,2206.850098,2214.600098,2140.0,2153.5,2153.5,42209687
995,2021-06-25,2153.5,2153.5,2081.100098,2104.449951,2104.449951,25546334
996,2021-06-28,2122.0,2126.5,2081.0,2086.0,2086.0,9357852
997,2021-06-29,2089.5,2109.0,2084.100098,2087.800049,2087.800049,12526981
998,2021-06-30,2096.25,2122.649902,2091.050049,2110.649902,2110.649902,9120556
999,2021-07-01,2118.0,2123.149902,2095.0,2097.949951,2097.949951,5784627
1000,2021-07-02,2097.0,2132.899902,2092.949951,2129.050049,2129.050049,6500973
1001,2021-07-05,2136.449951,2153.550049,2131.5,2150.199951,2150.199951,5400604
1002,2021-07-06,2144.949951,2148.899902,2120.199951,2124.800049,2124.800049,4647361
1003,2021-07-07,2127.75,2127.75,2098.0,2110.050049,2110.050049,4824931
1004,2021-07-08,2116.949951,2116.949951,2081.0,2092.600098,2092.600098,5162088
1005,2021-07-09,2088.0,2091.699951,2066.100098,2071.199951,2071.199951,4170886
1006,2021-07-12,2079.75,2101.5,2074.5,2084.100098,2084.100098,3962111
1007,2021-07-13,2100.0,2103.050049,2088.050049,2099.699951,2099.699951,3099956
1008,2021-07-14,2100.350098,2106.850098,2081.25,2086.0,2086.0,3937768
1009,2021-07-15,2095.0,2095.0,2078.5,2082.350098,2082.350098,4360415
1010,2021-07-16,2087.75,2114.75,2087.600098,2112.399902,2112.399902,4074206
1011,2021-07-19,2100.0,2124.0,2092.25,2098.949951,2098.949951,3855577
1012,2021-07-20,2099.5,2108.0,2084.0,2093.800049,2093.800049,3111185
1013,2021-07-22,2119.0,2123.899902,2098.149902,2120.699951,2120.699951,3679260
1014,2021-07-23,2134.449951,2134.449951,2102.050049,2105.699951,2105.699951,4585938
1015,2021-07-26,2108.0,2121.0,2071.100098,2076.850098,2076.850098,5717830
1016,2021-07-27,2076.800049,2083.699951,2042.0,2055.0,2055.0,4995516
1017,2021-07-28,2058.0,2058.0,2016.25,2037.349976,2037.349976,5952355
1018,2021-07-29,2054.0,2074.399902,2043.400024,2053.25,2053.25,6352886
1019,2021-07-30,2058.0,2067.949951,2031.099976,2035.300049,2035.300049,5238304
1020,2021-08-02,2054.300049,2079.399902,2041.150024,2072.5,2072.5,5041934
1021,2021-08-03,2090.0,2091.0,2064.199951,2087.75,2087.75,5453682
1022,2021-08-04,2094.399902,2114.0,2087.0,2103.75,2103.75,6077861
1023,2021-08-05,2114.300049,2154.800049,2104.25,2134.25,2134.25,9807831
1024,2021-08-06,2129.949951,2146.949951,2078.75,2089.050049,2089.050049,7670583
1025,2021-08-09,2081.0,2089.800049,2066.5,2077.149902,2077.149902,3458546
1026,2021-08-10,2082.0,2113.0,2073.75,2088.050049,2088.050049,5500708
1027,2021-08-11,2096.949951,2120.0,2083.399902,2117.300049,2117.300049,4238859
1028,2021-08-12,2124.899902,2126.199951,2105.0,2110.5,2110.5,3755507
1029,2021-08-13,2117.300049,2149.899902,2108.949951,2145.649902,2145.649902,5898384
1030,2021-08-16,2149.350098,2203.0,2128.149902,2173.5,2173.5,10123204
1031,2021-08-17,2168.850098,2185.199951,2147.850098,2164.25,2164.25,5841743
1032,2021-08-18,2174.0,2186.800049,2152.600098,2172.649902,2172.649902,4650008
1033,2021-08-20,2143.0,2172.0,2137.0,2148.25,2148.25,4350228
1034,2021-08-23,2174.0,2174.0,2132.300049,2162.350098,2162.350098,4547802
1035,2021-08-24,2165.050049,2192.0,2155.600098,2183.699951,2183.699951,5475452
1036,2021-08-25,2185.399902,2220.0,2180.100098,2202.600098,2202.600098,6175126
1037,2021-08-26,2208.0,2244.899902,2205.0,2230.449951,2230.449951,8579105
1038,2021-08-27,2237.0,2242.75,2216.050049,2227.399902,2227.399902,4836812
1039,2021-08-30,2250.0,2275.850098,2236.800049,2270.25,2270.25,6473487
1040,2021-08-31,2276.899902,2283.75,2242.25,2258.149902,2258.149902,12223037
1041,2021-09-01,2273.0,2292.899902,2263.0,2267.100098,2267.100098,5143640
1042,2021-09-02,2255.0,2307.800049,2255.0,2294.399902,2294.399902,4595048
1043,2021-09-03,2310.0,2395.0,2302.5,2388.5,2388.5,14151629
1044,2021-09-06,2413.0,2480.0,2412.0,2425.600098,2425.600098,15525644
1045,2021-09-07,2430.0,2458.0,2412.0,2440.899902,2440.899902,8006968
1046,2021-09-08,2452.0,2454.0,2406.649902,2431.350098,2431.350098,6600210
1047,2021-09-09,2427.899902,2437.850098,2416.100098,2425.600098,2425.600098,4136538
1048,2021-09-13,2433.0,2433.0,2368.050049,2371.550049,2371.550049,7527598
1049,2021-09-14,2375.0,2394.0,2366.0,2368.449951,2368.449951,4111205
1050,2021-09-15,2368.5,2395.75,2368.5,2378.300049,2378.300049,4186300
1051,2021-09-16,2381.550049,2436.75,2367.0,2428.199951,2428.199951,6206657
1052,2021-09-17,2446.0,2455.850098,2375.600098,2390.550049,2390.550049,16098099
1053,2021-09-20,2372.100098,2418.350098,2370.0,2394.350098,2394.350098,5436385
1054,2021-09-21,2405.0,2416.600098,2384.0,2404.699951,2404.699951,4576111
1055,2021-09-22,2408.0,2442.0,2398.25,2430.5,2430.5,5074612
1056,2021-09-23,2447.399902,2497.0,2445.5,2489.899902,2489.899902,7267883
1057,2021-09-24,2503.550049,2505.449951,2472.0,2482.699951,2482.699951,7011181
1058,2021-09-27,2487.0,2529.899902,2475.300049,2524.449951,2524.449951,7095022
1059,2021-09-28,2534.0,2564.899902,2512.800049,2548.050049,2548.050049,8323269
1060,2021-09-29,2570.0,2570.0,2520.050049,2527.850098,2527.850098,4485721
1061,2021-09-30,2525.0,2534.600098,2500.350098,2519.25,2519.25,6272085
1062,2021-10-01,2501.949951,2539.800049,2495.0,2523.699951,2523.699951,4134544
1063,2021-10-04,2553.0,2574.850098,2537.050049,2556.149902,2556.149902,5038910
1064,2021-10-05,2555.100098,2612.0,2547.350098,2609.199951,2609.199951,6245770
1065,2021-10-06,2619.949951,2619.949951,2551.100098,2559.850098,2559.850098,4734472
1066,2021-10-07,2595.0,2598.75,2567.699951,2572.399902,2572.399902,2924370
1067,2021-10-08,2585.25,2684.399902,2581.5,2671.25,2671.25,7279003
1068,2021-10-11,2701.399902,2720.0,2645.350098,2652.649902,2652.649902,6815737
1069,2021-10-12,2645.0,2683.0,2641.25,2667.800049,2667.800049,3083747
1070,2021-10-13,2679.0,2719.5,2669.300049,2694.949951,2694.949951,4596429
1071,2021-10-14,2700.350098,2717.449951,2687.199951,2700.399902,2700.399902,3979730
1072,2021-10-18,2668.600098,2745.0,2662.300049,2707.600098,2707.600098,6273850
1073,2021-10-19,2723.800049,2751.350098,2708.0,2731.850098,2731.850098,4076617
1074,2021-10-20,2742.75,2742.75,2691.5,2700.399902,2700.399902,5865926
1075,2021-10-21,2727.399902,2728.0,2603.199951,2622.5,2622.5,9613812
1076,2021-10-22,2620.0,2664.899902,2611.5,2627.399902,2627.399902,5089178
1077,2021-10-25,2680.0,2680.0,2570.0,2601.800049,2601.800049,7937067
1078,2021-10-26,2617.100098,2668.899902,2603.149902,2661.050049,2661.050049,4499706
1079,2021-10-27,2652.0,2676.800049,2619.949951,2627.399902,2627.399902,4567140
1080,2021-10-28,2620.0,2637.949951,2590.5,2598.600098,2598.600098,4562471
1081,2021-10-29,2596.149902,2596.149902,2501.699951,2536.25,2536.25,6568539
1082,2021-11-01,2536.25,2556.0,2494.100098,2537.800049,2537.800049,7144532
1083,2021-11-02,2545.0,2548.0,2495.25,2500.800049,2500.800049,4877652
1084,2021-11-03,2506.050049,2520.0,2461.0,2483.600098,2483.600098,5533120
1085,2021-11-04,2492.949951,2504.899902,2490.0,2498.850098,2498.850098,787160
1086,2021-11-08,2519.399902,2520.0,2456.399902,2501.949951,2501.949951,9385607
1087,2021-11-09,2505.0,2528.899902,2487.050049,2521.699951,2521.699951,7237470
1088,2021-11-10,2516.699951,2558.0,2503.649902,2549.899902,2549.899902,4731975
1089,2021-11-11,2540.050049,2570.5,2535.550049,2554.550049,2554.550049,4948422
1090,2021-11-12,2562.899902,2598.75,2557.0,2593.100098,2593.100098,4020744
1091,2021-11-15,2600.0,2602.199951,2570.0,2577.800049,2577.800049,2216708
1092,2021-11-16,2572.050049,2575.0,2495.0,2517.899902,2517.899902,5232292
1093,2021-11-17,2498.949951,2498.949951,2461.0,2464.0,2464.0,4708235
1094,2021-11-18,2460.0,2489.0,2450.050049,2473.300049,2473.300049,3925345
1095,2021-11-22,2436.100098,2449.0,2351.0,2363.75,2363.75,11133364
1096,2021-11-23,2333.050049,2401.25,2309.0,2385.850098,2385.850098,11688406
1097,2021-11-24,2380.0,2409.899902,2343.550049,2351.399902,2351.399902,7762564
1098,2021-11-25,2373.0,2502.0,2357.149902,2492.949951,2492.949951,19568487
1099,2021-11-26,2467.800049,2477.600098,2401.5,2412.600098,2412.600098,7274686
1100,2021-11-29,2439.100098,2500.0,2399.100098,2441.5,2441.5,11226147
1101,2021-11-30,2468.0,2475.899902,2388.850098,2405.399902,2405.399902,14847511
1102,2021-12-01,2433.0,2474.0,2425.100098,2467.0,2467.0,4663276
1103,2021-12-02,2469.699951,2496.199951,2461.600098,2482.850098,2482.850098,5870468
1104,2021-12-03,2498.399902,2498.5,2400.0,2408.25,2408.25,8871172
1105,2021-12-06,2416.0,2425.0,2357.149902,2362.600098,2362.600098,4768334
1106,2021-12-07,2376.149902,2404.0,2360.0,2381.850098,2381.850098,5185007
1107,2021-12-08,2424.100098,2431.800049,2406.300049,2418.100098,2418.100098,4035437
1108,2021-12-09,2435.0,2474.899902,2425.0,2456.449951,2456.449951,6098050
1109,2021-12-10,2440.25,2466.0,2430.350098,2458.949951,2458.949951,3860176
1110,2021-12-13,2473.5,2474.100098,2404.0,2409.649902,2409.649902,5954148
1111,2021-12-14,2380.0,2406.0,2373.399902,2380.149902,2380.149902,5995586
1112,2021-12-15,2384.0,2405.0,2361.100098,2373.199951,2373.199951,4322855
1113,2021-12-16,2405.699951,2415.5,2368.649902,2403.899902,2403.899902,4504829
1114,2021-12-17,2398.050049,2408.0,2320.0,2340.449951,2340.449951,9714489
1115,2021-12-20,2317.850098,2317.850098,2247.100098,2277.350098,2277.350098,6611376
1116,2021-12-21,2311.350098,2346.0,2292.199951,2311.25,2311.25,5924071
1117,2021-12-22,2324.899902,2371.899902,2322.0,2366.100098,2366.100098,8149415
1118,2021-12-23,2374.0,2380.0,2358.050049,2365.25,2365.25,4186912
1119,2021-12-24,2370.0,2392.0,2337.550049,2372.800049,2372.800049,3639616
1120,2021-12-27,2361.550049,2378.0,2348.100098,2370.25,2370.25,1853948
1121,2021-12-28,2375.600098,2404.850098,2373.050049,2398.399902,2398.399902,2941883
1122,2021-12-29,2391.0,2419.0,2382.100098,2402.5,2402.5,7118779
1123,2021-12-30,2400.0,2404.949951,2345.600098,2359.100098,2359.100098,13537254
1124,2021-12-31,2373.0,2383.899902,2360.0,2368.149902,2368.149902,4373768
1125,2022-01-03,2365.0,2407.949951,2363.550049,2403.850098,2403.850098,2502073
1126,2022-01-04,2415.899902,2461.0,2404.0,2458.100098,2458.100098,5006225
1127,2022-01-05,2462.0,2477.0,2432.949951,2469.600098,2469.600098,5373618
1128,2022-01-06,2451.199951,2454.0,2409.0,2416.5,2416.5,6667483
1129,2022-01-07,2430.949951,2458.050049,2411.550049,2436.0,2436.0,6051239
1130,2022-01-10,2452.0,2457.0,2416.050049,2438.0,2438.0,4267365
1131,2022-01-11,2436.0,2474.949951,2435.0,2455.550049,2455.550049,7478681
1132,2022-01-12,2471.300049,2524.949951,2465.0,2521.100098,2521.100098,6830402
1133,2022-01-13,2521.25,2541.0,2508.399902,2535.300049,2535.300049,5471871
1134,2022-01-14,2535.0,2567.300049,2525.850098,2539.0,2539.0,9197773
1135,2022-01-17,2538.0,2565.0,2537.0,2552.25,2552.25,3708822
1136,2022-01-18,2554.75,2562.350098,2515.75,2521.800049,2521.800049,2868235
1137,2022-01-19,2530.0,2542.0,2509.0,2521.600098,2521.600098,4502155
1138,2022-01-20,2500.050049,2509.949951,2455.0,2477.449951,2477.449951,7612203
1139,2022-01-21,2452.0,2502.25,2452.0,2477.850098,2477.850098,6155759
1140,2022-01-24,2475.0,2504.75,2355.100098,2377.899902,2377.899902,10092511
1141,2022-01-25,2349.550049,2388.649902,2305.0,2373.25,2373.25,11311456
1142,2022-01-27,2336.0,2356.100098,2311.050049,2338.100098,2338.100098,9239426
1143,2022-01-28,2365.0,2375.899902,2328.399902,2335.850098,2335.850098,6769154
1144,2022-01-31,2360.199951,2406.399902,2356.199951,2386.600098,2386.600098,5604308
1145,2022-02-01,2408.0,2420.600098,2347.100098,2378.699951,2378.699951,6092033
1146,2022-02-02,2407.0,2407.0,2375.100098,2383.550049,2383.550049,4623163
1147,2022-02-03,2392.0,2401.449951,2347.199951,2352.75,2352.75,4417864
1148,2022-02-04,2341.0,2348.449951,2321.100098,2331.300049,2331.300049,5104761
1149,2022-02-07,2342.0,2356.800049,2305.0,2317.100098,2317.100098,4944725
1150,2022-02-08,2330.649902,2360.0,2310.0,2356.050049,2356.050049,5566080
1151,2022-02-09,2371.149902,2387.199951,2358.0,2383.5,2383.5,5300891
1152,2022-02-10,2395.699951,2395.699951,2365.100098,2381.050049,2381.050049,5752361
1153,2022-02-11,2373.25,2384.5,2344.100098,2376.399902,2376.399902,7357863
1154,2022-02-14,2340.25,2354.949951,2313.0,2338.550049,2338.550049,4947109
1155,2022-02-15,2351.199951,2423.899902,2335.699951,2417.949951,2417.949951,5174646
1156,2022-02-16,2430.0,2433.0,2395.949951,2412.949951,2412.949951,4796294
1157,2022-02-17,2420.100098,2454.899902,2410.0,2443.5,2443.5,5931774
1158,2022-02-18,2444.399902,2456.399902,2420.149902,2424.399902,2424.399902,3126873
1159,2022-02-21,2412.0,2437.5,2384.600098,2399.899902,2399.899902,5125968
1160,2022-02-22,2352.899902,2395.899902,2347.149902,2389.0,2389.0,6227901
1161,2022-02-23,2401.100098,2406.550049,2368.0,2374.050049,2374.050049,3373615
1162,2022-02-24,2305.0,2339.899902,2243.399902,2255.75,2255.75,11466725
1163,2022-02-25,2280.100098,2307.949951,2276.25,2283.949951,2283.949951,6724094
1164,2022-02-28,2243.0,2367.350098,2243.0,2359.550049,2359.550049,9828768
1165,2022-03-02,2334.449951,2401.0,2329.199951,2398.550049,2398.550049,9909226
1166,2022-03-03,2400.0,2414.850098,2370.050049,2378.300049,2378.300049,4701183
1167,2022-03-04,2353.0,2364.300049,2320.350098,2325.550049,2325.550049,4986814
1168,2022-03-07,2278.699951,2312.100098,2222.0,2239.550049,2239.550049,8299295
1169,2022-03-08,2211.5,2246.0,2180.0,2235.5,2235.5,9825043
1170,2022-03-09,2236.0,2367.0,2234.149902,2354.100098,2354.100098,9421163
1171,2022-03-10,2400.0,2405.0,2360.0,2392.25,2392.25,8297995
1172,2022-03-11,2376.050049,2411.0,2376.050049,2399.149902,2399.149902,5656799
1173,2022-03-14,2386.899902,2424.399902,2374.0,2418.850098,2418.850098,3849222
1174,2022-03-15,2427.949951,2427.949951,2340.850098,2363.449951,2363.449951,7349740
1175,2022-03-16,2382.0,2407.899902,2377.100098,2403.350098,2403.350098,5145644
1176,2022-03-17,2432.75,2497.399902,2415.100098,2481.699951,2481.699951,9886295
1177,2022-03-21,2444.0,2484.0,2439.0,2467.399902,2467.399902,5537752
1178,2022-03-22,2460.100098,2534.949951,2453.600098,2531.149902,2531.149902,10410082
1179,2022-03-23,2523.0,2564.850098,2523.0,2539.199951,2539.199951,7135797
1180,2022-03-24,2510.0,2584.149902,2510.0,2578.649902,2578.649902,6077153
1181,2022-03-25,2582.5,2616.0,2577.0,2595.850098,2595.850098,6563676
1182,2022-03-28,2610.0,2629.75,2586.5,2621.949951,2621.949951,4564891
1183,2022-03-29,2638.0,2638.0,2607.399902,2622.550049,2622.550049,4007695
1184,2022-03-30,2639.899902,2688.0,2617.100098,2672.949951,2672.949951,7297028
1185,2022-03-31,2664.949951,2669.699951,2628.600098,2634.75,2634.75,6102744
1186,2022-04-01,2636.0,2665.149902,2622.0,2655.850098,2655.850098,3656408
1187,2022-04-04,2655.449951,2675.0,2641.649902,2663.699951,2663.699951,3659307
1188,2022-04-05,2651.100098,2669.899902,2620.699951,2626.050049,2626.050049,6068663
1189,2022-04-06,2587.100098,2634.5,2587.100098,2619.050049,2619.050049,5656703
1190,2022-04-07,2595.100098,2606.0,2567.0,2572.850098,2572.850098,7151632
1191,2022-04-08,2560.0,2625.0,2560.0,2615.649902,2615.649902,6992874
1192,2022-04-11,2600.0,2638.550049,2583.0,2610.199951,2610.199951,4270816
1193,2022-04-12,2587.0,2602.600098,2555.399902,2561.050049,2561.050049,6099986
1194,2022-04-13,2574.5,2592.600098,2545.5,2551.649902,2551.649902,4778478
1195,2022-04-18,2533.0,2559.800049,2521.800049,2543.850098,2543.850098,4603103
1196,2022-04-19,2558.0,2668.0,2551.050049,2640.800049,2640.800049,12064446
1197,2022-04-20,2657.100098,2734.0,2649.100098,2718.449951,2718.449951,11570835
1198,2022-04-21,2750.899902,2789.0,2732.0,2782.100098,2782.100098,10018531
1199,2022-04-22,2758.899902,2802.0,2744.199951,2758.800049,2758.800049,6947490
1200,2022-04-25,2742.399902,2758.399902,2663.649902,2695.0,2695.0,7874671
1201,2022-04-26,2710.0,2795.0,2707.699951,2775.649902,2775.649902,5643066
1202,2022-04-27,2755.850098,2828.0,2755.050049,2778.350098,2778.350098,8924920
1203,2022-04-28,2809.949951,2851.0,2786.100098,2819.850098,2819.850098,11820892
1204,2022-04-29,2856.149902,2856.149902,2777.300049,2790.25,2790.25,8406156
1205,2022-05-02,2762.0,2805.5,2758.050049,2780.449951,2780.449951,4369022
1206,2022-05-04,2785.0,2790.0,2676.300049,2693.649902,2693.649902,8882792
1207,2022-05-05,2723.5,2730.0,2632.0,2640.899902,2640.899902,7942721
1208,2022-05-06,2612.199951,2659.0,2593.550049,2620.649902,2620.649902,9068448
1209,2022-05-09,2574.949951,2597.100098,2507.0,2518.300049,2518.300049,8345649
1210,2022-05-10,2495.0,2526.600098,2458.0,2474.649902,2474.649902,9004636
1211,2022-05-11,2472.649902,2484.949951,2421.949951,2449.300049,2449.300049,7681157
1212,2022-05-12,2427.5,2434.850098,2370.0,2399.399902,2399.399902,9456280
1213,2022-05-13,2426.0,2478.0,2415.350098,2426.600098,2426.600098,8910998
1214,2022-05-16,2434.449951,2481.0,2416.649902,2427.199951,2427.199951,6201594
1215,2022-05-17,2435.100098,2539.899902,2432.0,2529.149902,2529.149902,7638666
1216,2022-05-18,2539.649902,2570.0,2508.25,2538.350098,2538.350098,7973235
1217,2022-05-19,2484.0,2512.5,2466.050049,2479.850098,2479.850098,6783641
1218,2022-05-20,2512.5,2644.399902,2502.0,2624.449951,2624.449951,10057508
1219,2022-05-23,2631.5,2653.550049,2593.0,2606.899902,2606.899902,7039144
1220,2022-05-24,2607.0,2638.0,2597.699951,2615.850098,2615.850098,6243086
1221,2022-05-25,2635.0,2656.699951,2601.5,2612.0,2612.0,5867760
1222,2022-05-26,2624.399902,2634.899902,2548.0,2587.100098,2587.100098,8252551
1223,2022-05-27,2593.050049,2605.149902,2540.100098,2575.100098,2575.100098,7624888
1224,2022-05-30,2615.0,2674.0,2594.199951,2664.800049,2664.800049,6393341
1225,2022-05-31,2641.399902,2678.800049,2615.699951,2632.649902,2632.649902,32591420
1226,2022-06-01,2634.300049,2655.199951,2616.199951,2633.5,2633.5,4512079
1227,2022-06-02,2634.0,2732.449951,2634.0,2724.300049,2724.300049,10211408
1228,2022-06-03,2744.0,2817.350098,2742.0,2779.5,2779.5,11048210
1229,2022-06-06,2780.0,2814.0,2751.800049,2767.550049,2767.550049,5119488
1230,2022-06-07,2769.899902,2791.100098,2752.050049,2772.75,2772.75,5703333
1231,2022-06-08,2772.75,2781.0,2716.300049,2724.050049,2724.050049,5759172
1232,2022-06-09,2710.0,2803.0,2710.0,2798.75,2798.75,7973935
1233,2022-06-10,2771.899902,2789.899902,2701.5,2714.25,2714.25,8349943
1234,2022-06-13,2650.0,2664.0,2616.300049,2658.0,2658.0,3488791
